,Company Name,Model Name,Mobile Weight,RAM,Front Camera,Back Camera,Battery Capacity,Screen Size,Launched Price (China),Launched Price (USA),Launched Price (Dubai),Launched Year,region,region_East Asia (Other),region_Other,region_Western,storage,processor_score
0,Apple,iPhone 16 128GB,174.0,6,12.0,48.0,3600,6.1,5799,799.0,2799,2024,Western,0.0,0.0,1.0,128.0,
1,Apple,iPhone 16 256GB,174.0,6,12.0,48.0,3600,6.1,6099,849.0,2999,2024,Western,0.0,0.0,1.0,256.0,
2,Apple,iPhone 16 512GB,174.0,6,12.0,48.0,3600,6.1,6499,899.0,3199,2024,Western,0.0,0.0,1.0,512.0,
3,Apple,iPhone 16 Plus 128GB,203.0,6,12.0,48.0,4200,6.7,6199,899.0,3199,2024,Western,0.0,0.0,1.0,128.0,
4,Apple,iPhone 16 Plus 256GB,203.0,6,12.0,48.0,4200,6.7,6499,949.0,3399,2024,Western,0.0,0.0,1.0,256.0,
5,Apple,iPhone 16 Plus 512GB,203.0,6,12.0,48.0,4200,6.7,6999,999.0,3599,2024,Western,0.0,0.0,1.0,512.0,
6,Apple,iPhone 16 Pro 128GB,206.0,6,12.0,62.0,4400,6.1,6999,999.0,3499,2024,Western,0.0,0.0,1.0,128.0,7441.0
7,Apple,iPhone 16 Pro 256GB,206.0,8,12.0,62.0,4400,6.1,7099,1049.0,3699,2024,Western,0.0,0.0,1.0,256.0,7441.0
8,Apple,iPhone 16 Pro 512GB,206.0,8,12.0,62.0,4400,6.1,7499,1099.0,3899,2024,Western,0.0,0.0,1.0,512.0,7441.0
9,Apple,iPhone 16 Pro Max 128GB,221.0,6,12.0,60.0,4500,6.7,7499,1099.0,3799,2024,Western,0.0,0.0,1.0,128.0,7441.0
10,Apple,iPhone 16 Pro Max 256GB,221.0,8,12.0,60.0,4500,6.7,7799,1199.0,3999,2024,Western,0.0,0.0,1.0,256.0,7441.0
11,Apple,iPhone 16 Pro Max 512GB,221.0,8,12.0,60.0,4500,6.7,8199,1299.0,4199,2024,Western,0.0,0.0,1.0,512.0,7441.0
12,Apple,iPhone 15 128GB,171.0,6,12.0,48.0,3200,6.1,5299,799.0,2699,2023,Western,0.0,0.0,1.0,128.0,6838.0
13,Apple,iPhone 15 256GB,171.0,6,12.0,48.0,3200,6.1,5599,849.0,2999,2023,Western,0.0,0.0,1.0,256.0,6838.0
14,Apple,iPhone 15 512GB,171.0,6,12.0,48.0,3200,6.1,5999,949.0,3199,2023,Western,0.0,0.0,1.0,512.0,6838.0
15,Apple,iPhone 15 Plus 128GB,203.0,6,12.0,48.0,4300,6.7,5699,899.0,3199,2023,Western,0.0,0.0,1.0,128.0,6838.0
16,Apple,iPhone 15 Plus 256GB,203.0,6,12.0,48.0,4300,6.7,6199,999.0,3399,2023,Western,0.0,0.0,1.0,256.0,6838.0
17,Apple,iPhone 15 Plus 512GB,203.0,6,12.0,48.0,4300,6.7,6799,1049.0,3599,2023,Western,0.0,0.0,1.0,512.0,6838.0
18,Apple,iPhone 15 Pro 128GB,206.0,6,12.0,60.0,4400,6.1,6999,1099.0,3599,2023,Western,0.0,0.0,1.0,128.0,6838.0
19,Apple,iPhone 15 Pro 256GB,206.0,8,12.0,60.0,4400,6.1,7299,1199.0,3799,2023,Western,0.0,0.0,1.0,256.0,6838.0
20,Apple,iPhone 15 Pro 512GB,206.0,8,12.0,60.0,4400,6.1,7799,1299.0,4199,2023,Western,0.0,0.0,1.0,512.0,6838.0
21,Apple,iPhone 15 Pro Max 128GB,221.0,6,12.0,60.0,4500,6.7,7999,1199.0,3899,2023,Western,0.0,0.0,1.0,128.0,6838.0
22,Apple,iPhone 15 Pro Max 256GB,221.0,8,12.0,60.0,4500,6.7,8199,1299.0,4199,2023,Western,0.0,0.0,1.0,256.0,6838.0
23,Apple,iPhone 15 Pro Max 512GB,221.0,8,12.0,60.0,4500,6.7,8699,1399.0,4399,2023,Western,0.0,0.0,1.0,512.0,6838.0
24,Apple,iPhone 14 128GB,172.0,6,12.0,24.0,3200,6.1,5199,799.0,2699,2022,Western,0.0,0.0,1.0,128.0,5736.0
25,Apple,iPhone 14 256GB,172.0,6,12.0,24.0,3200,6.1,5599,849.0,2999,2022,Western,0.0,0.0,1.0,256.0,5736.0
26,Apple,iPhone 14 512GB,172.0,6,12.0,24.0,3200,6.1,5999,949.0,3199,2022,Western,0.0,0.0,1.0,512.0,5736.0
27,Apple,iPhone 14 Plus 128GB,203.0,6,12.0,24.0,4325,6.7,5499,899.0,3199,2022,Western,0.0,0.0,1.0,128.0,5736.0
28,Apple,iPhone 14 Plus 256GB,203.0,6,12.0,24.0,4325,6.7,5899,999.0,3399,2022,Western,0.0,0.0,1.0,256.0,5736.0
29,Apple,iPhone 14 Plus 512GB,203.0,6,12.0,24.0,4325,6.7,6299,1049.0,3599,2022,Western,0.0,0.0,1.0,512.0,5736.0
30,Apple,iPhone 14 Pro 128GB,206.0,6,12.0,60.0,4200,6.1,7199,1099.0,3699,2022,Western,0.0,0.0,1.0,128.0,6838.0
31,Apple,iPhone 14 Pro 256GB,206.0,8,12.0,60.0,4200,6.1,7499,1199.0,3899,2022,Western,0.0,0.0,1.0,256.0,6838.0
32,Apple,iPhone 14 Pro 512GB,206.0,8,12.0,60.0,4200,6.1,7999,1299.0,4199,2022,Western,0.0,0.0,1.0,512.0,6838.0
33,Apple,iPhone 14 Pro Max 128GB,221.0,6,12.0,60.0,4500,6.7,8099,1199.0,3999,2022,Western,0.0,0.0,1.0,128.0,6838.0
34,Apple,iPhone 14 Pro Max 256GB,221.0,8,12.0,60.0,4500,6.7,8499,1299.0,4199,2022,Western,0.0,0.0,1.0,256.0,6838.0
35,Apple,iPhone 14 Pro Max 512GB,221.0,8,12.0,60.0,4500,6.7,8999,1399.0,4499,2022,Western,0.0,0.0,1.0,512.0,6838.0
36,Apple,iPhone 13 mini 128GB,140.0,4,12.0,12.0,2438,5.4,5199,699.0,2599,2021,Western,0.0,0.0,1.0,128.0,5736.0
37,Apple,iPhone 13 mini 256GB,140.0,4,12.0,12.0,2438,5.4,5599,799.0,2999,2021,Western,0.0,0.0,1.0,256.0,5736.0
38,Apple,iPhone 13 mini 512GB,140.0,4,12.0,12.0,2438,5.4,5999,899.0,3299,2021,Western,0.0,0.0,1.0,512.0,5736.0
39,Apple,iPhone 13 128GB,174.0,4,12.0,24.0,3240,6.1,5499,799.0,2999,2021,Western,0.0,0.0,1.0,128.0,5736.0
40,Apple,iPhone 13 256GB,174.0,4,12.0,24.0,3240,6.1,5899,899.0,3199,2021,Western,0.0,0.0,1.0,256.0,5736.0
41,Apple,iPhone 13 512GB,174.0,4,12.0,24.0,3240,6.1,6299,999.0,3599,2021,Western,0.0,0.0,1.0,512.0,5736.0
42,Apple,iPhone 13 Pro 128GB,204.0,6,12.0,36.0,3095,6.1,7299,999.0,3999,2021,Western,0.0,0.0,1.0,128.0,5736.0
43,Apple,iPhone 13 Pro 256GB,204.0,6,12.0,36.0,3095,6.1,7699,1099.0,4199,2021,Western,0.0,0.0,1.0,256.0,5736.0
44,Apple,iPhone 13 Pro 512GB,204.0,6,12.0,36.0,3095,6.1,8199,1199.0,4399,2021,Western,0.0,0.0,1.0,512.0,5736.0
45,Apple,iPhone 13 Pro Max 128GB,238.0,6,12.0,36.0,4352,6.7,8299,1099.0,4199,2021,Western,0.0,0.0,1.0,128.0,5736.0
46,Apple,iPhone 13 Pro Max 256GB,238.0,6,12.0,36.0,4352,6.7,8799,1199.0,4399,2021,Western,0.0,0.0,1.0,256.0,5736.0
47,Apple,iPhone 13 Pro Max 512GB,238.0,6,12.0,36.0,4352,6.7,9199,1399.0,4599,2021,Western,0.0,0.0,1.0,512.0,5736.0
48,Apple,iPhone 12 mini 64GB,135.0,4,12.0,12.0,2227,5.4,5199,699.0,2599,2020,Western,0.0,0.0,1.0,64.0,4779.0
49,Apple,iPhone 12 mini 128GB,135.0,4,12.0,12.0,2227,5.4,5599,799.0,2999,2020,Western,0.0,0.0,1.0,128.0,4779.0
50,Apple,iPhone 12 mini 256GB,135.0,4,12.0,12.0,2227,5.4,5999,899.0,3299,2020,Western,0.0,0.0,1.0,256.0,4779.0
51,Apple,iPhone 12 64GB,164.0,4,12.0,24.0,2815,6.1,5499,799.0,2999,2020,Western,0.0,0.0,1.0,64.0,4779.0
52,Apple,iPhone 12 128GB,164.0,4,12.0,24.0,2815,6.1,5899,899.0,3199,2020,Western,0.0,0.0,1.0,128.0,4779.0
53,Apple,iPhone 12 256GB,164.0,4,12.0,24.0,2815,6.1,6299,999.0,3599,2020,Western,0.0,0.0,1.0,256.0,4779.0
54,Apple,iPhone 12 Pro 128GB,189.0,6,12.0,36.0,2815,6.1,7299,999.0,3999,2020,Western,0.0,0.0,1.0,128.0,4779.0
55,Apple,iPhone 12 Pro 256GB,189.0,6,12.0,36.0,2815,6.1,7699,1099.0,4199,2020,Western,0.0,0.0,1.0,256.0,4779.0
56,Apple,iPhone 12 Pro 512GB,189.0,6,12.0,36.0,2815,6.1,8199,1199.0,4399,2020,Western,0.0,0.0,1.0,512.0,4779.0
57,Apple,iPhone 12 Pro Max 128GB,228.0,6,12.0,36.0,3687,6.7,8399,1099.0,4199,2020,Western,0.0,0.0,1.0,128.0,4779.0
58,Apple,iPhone 12 Pro Max 256GB,228.0,6,12.0,36.0,3687,6.7,8799,1199.0,4399,2020,Western,0.0,0.0,1.0,256.0,4779.0
59,Apple,iPhone 12 Pro Max 512GB,228.0,6,12.0,36.0,3687,6.7,9199,1399.0,4599,2020,Western,0.0,0.0,1.0,512.0,4779.0
60,Apple,iPhone 11 64GB,194.0,4,12.0,24.0,3110,6.1,5499,699.0,2499,2019,Western,0.0,0.0,1.0,64.0,4161.0
61,Apple,iPhone 11 128GB,194.0,4,12.0,24.0,3110,6.1,5899,799.0,2999,2019,Western,0.0,0.0,1.0,128.0,4161.0
62,Apple,iPhone 11 256GB,194.0,4,12.0,24.0,3110,6.1,6299,899.0,3299,2019,Western,0.0,0.0,1.0,256.0,4161.0
63,Apple,iPhone 11 Pro 64GB,188.0,4,12.0,36.0,3046,5.8,6999,999.0,3799,2019,Western,0.0,0.0,1.0,64.0,4161.0
64,Apple,iPhone 11 Pro 256GB,188.0,4,12.0,36.0,3046,5.8,7399,1099.0,4199,2019,Western,0.0,0.0,1.0,256.0,4161.0
65,Apple,iPhone 11 Pro 512GB,188.0,4,12.0,36.0,3046,5.8,7999,1199.0,4599,2019,Western,0.0,0.0,1.0,512.0,4161.0
66,Apple,iPhone 11 Pro Max 64GB,226.0,4,12.0,36.0,3969,6.5,7799,1099.0,4399,2019,Western,0.0,0.0,1.0,64.0,4161.0
67,Apple,iPhone 11 Pro Max 256GB,226.0,4,12.0,36.0,3969,6.5,8199,1199.0,4599,2019,Western,0.0,0.0,1.0,256.0,4161.0
68,Apple,iPhone 11 Pro Max 512GB,226.0,4,12.0,36.0,3969,6.5,8799,1399.0,4999,2019,Western,0.0,0.0,1.0,512.0,4161.0
69,Apple,iPhone X 64GB,174.0,3,7.0,24.0,2716,5.8,8388,999.0,3799,2017,Western,0.0,0.0,1.0,64.0,2346.0
70,Apple,iPhone X 256GB,174.0,3,7.0,24.0,2716,5.8,8788,1099.0,4199,2017,Western,0.0,0.0,1.0,256.0,2346.0
71,Apple,iPhone XS 64GB,177.0,4,7.0,24.0,2658,5.8,9188,999.0,3899,2018,Western,0.0,0.0,1.0,64.0,2837.0
72,Apple,iPhone XS 256GB,177.0,4,7.0,24.0,2658,5.8,9788,1099.0,4299,2018,Western,0.0,0.0,1.0,256.0,2837.0
73,Apple,iPhone XS 512GB,177.0,4,7.0,24.0,2658,5.8,10388,1299.0,4799,2018,Western,0.0,0.0,1.0,512.0,2837.0
74,Apple,iPhone XS Max 64GB,208.0,4,7.0,24.0,3174,6.5,10088,1099.0,4399,2018,Western,0.0,0.0,1.0,64.0,2837.0
75,Apple,iPhone XS Max 256GB,208.0,4,7.0,24.0,3174,6.5,10688,1249.0,4799,2018,Western,0.0,0.0,1.0,256.0,2837.0
76,Apple,iPhone XS Max 512GB,208.0,4,7.0,24.0,3174,6.5,11288,1399.0,5099,2018,Western,0.0,0.0,1.0,512.0,2837.0
77,Apple,iPhone XR 64GB,194.0,3,7.0,24.0,2942,6.1,6299,749.0,2699,2018,Western,0.0,0.0,1.0,64.0,2837.0
78,Apple,iPhone XR 128GB,194.0,3,7.0,24.0,2942,6.1,6799,799.0,3099,2018,Western,0.0,0.0,1.0,128.0,2837.0
79,Apple,iPhone XR 256GB,194.0,3,7.0,24.0,2942,6.1,7299,899.0,3399,2018,Western,0.0,0.0,1.0,256.0,2837.0
97,Samsung,Galaxy S24 Ultra 128GB,234.0,12,12.0,212.0,5000,6.8,7499,1199.0,4899,2024,East Asia (Other),1.0,0.0,0.0,128.0,6964.0
98,Samsung,Galaxy S24 Ultra 256GB,234.0,12,12.0,212.0,5000,6.8,7999,1299.0,5099,2024,East Asia (Other),1.0,0.0,0.0,256.0,6964.0
99,Samsung,Galaxy S24+ 128GB,196.0,8,12.0,62.0,4800,6.6,6199,899.0,3599,2024,East Asia (Other),1.0,0.0,0.0,128.0,6964.0
100,Samsung,Galaxy S24+ 256GB,196.0,8,12.0,62.0,4800,6.6,6999,999.0,3799,2024,East Asia (Other),1.0,0.0,0.0,256.0,6964.0
101,Samsung,Galaxy S24 128GB,168.0,8,12.0,62.0,4000,6.1,5799,799.0,3299,2024,East Asia (Other),1.0,0.0,0.0,128.0,6964.0
102,Samsung,Galaxy S24 256GB,168.0,8,12.0,62.0,4000,6.1,6199,899.0,3499,2024,East Asia (Other),1.0,0.0,0.0,256.0,6964.0
103,Samsung,Galaxy S23 Ultra 128GB,228.0,12,12.0,212.0,5000,6.8,7299,1199.0,4599,2023,East Asia (Other),1.0,0.0,0.0,128.0,5299.0
104,Samsung,Galaxy S23 Ultra 256GB,228.0,12,12.0,212.0,5000,6.8,7999,1299.0,4899,2023,East Asia (Other),1.0,0.0,0.0,256.0,5299.0
105,Samsung,Galaxy S23+ 128GB,196.0,8,12.0,62.0,4700,6.6,6199,899.0,3399,2023,East Asia (Other),1.0,0.0,0.0,128.0,5299.0
106,Samsung,Galaxy S23+ 256GB,196.0,8,12.0,62.0,4700,6.6,6799,999.0,3599,2023,East Asia (Other),1.0,0.0,0.0,256.0,5299.0
107,Samsung,Galaxy S23 128GB,168.0,8,12.0,62.0,3900,6.1,5499,799.0,3099,2023,East Asia (Other),1.0,0.0,0.0,128.0,5299.0
108,Samsung,Galaxy S23 256GB,168.0,8,12.0,62.0,3900,6.1,5999,899.0,3299,2023,East Asia (Other),1.0,0.0,0.0,256.0,5299.0
109,Samsung,Galaxy S22 Ultra 128GB,228.0,12,10.0,120.0,5000,6.8,6599,1099.0,4499,2022,East Asia (Other),1.0,0.0,0.0,128.0,3669.0
110,Samsung,Galaxy S22 Ultra 256GB,228.0,12,10.0,120.0,5000,6.8,7199,1199.0,4799,2022,East Asia (Other),1.0,0.0,0.0,256.0,3669.0
111,Samsung,Galaxy S22+ 128GB,195.0,8,10.0,62.0,4500,6.6,5999,799.0,3299,2022,East Asia (Other),1.0,0.0,0.0,128.0,3669.0
112,Samsung,Galaxy S22+ 256GB,195.0,8,10.0,62.0,4500,6.6,6499,899.0,3599,2022,East Asia (Other),1.0,0.0,0.0,256.0,3669.0
113,Samsung,Galaxy S22 128GB,167.0,8,10.0,62.0,3800,6.1,5499,699.0,2999,2022,East Asia (Other),1.0,0.0,0.0,128.0,3669.0
114,Samsung,Galaxy S22 256GB,167.0,8,10.0,62.0,3800,6.1,5999,799.0,3199,2022,East Asia (Other),1.0,0.0,0.0,256.0,3669.0
115,Samsung,Galaxy Z Fold 5 256GB,254.0,12,10.0,62.0,4400,7.6,11999,1799.0,6999,2023,East Asia (Other),1.0,0.0,0.0,256.0,5299.0
116,Samsung,Galaxy Z Fold 5 512GB,254.0,12,10.0,62.0,4400,7.6,12999,1899.0,7499,2023,East Asia (Other),1.0,0.0,0.0,512.0,5299.0
117,Samsung,Galaxy Z Flip 5 256GB,187.0,8,12.0,24.0,3700,6.7,7999,999.0,4099,2023,East Asia (Other),1.0,0.0,0.0,256.0,5299.0
118,Samsung,Galaxy Z Flip 5 512GB,187.0,8,12.0,24.0,3700,6.7,8999,1099.0,4399,2023,East Asia (Other),1.0,0.0,0.0,512.0,5299.0
119,Samsung,Galaxy Z Fold 4 256GB,263.0,12,10.0,62.0,4400,7.6,10999,1799.0,6499,2022,East Asia (Other),1.0,0.0,0.0,256.0,4002.0
120,Samsung,Galaxy Z Fold 4 512GB,263.0,12,10.0,62.0,4400,7.6,11999,1899.0,7099,2022,East Asia (Other),1.0,0.0,0.0,512.0,4002.0
121,Samsung,Galaxy Z Flip 4 256GB,187.0,8,10.0,24.0,3700,6.7,6999,999.0,3799,2022,East Asia (Other),1.0,0.0,0.0,256.0,4002.0
122,Samsung,Galaxy Z Flip 4 512GB,187.0,8,10.0,24.0,3700,6.7,7999,1099.0,4099,2022,East Asia (Other),1.0,0.0,0.0,512.0,4002.0
123,Samsung,Galaxy A54 128GB,189.0,6,32.0,62.0,5000,6.4,2199,399.0,1399,2023,East Asia (Other),1.0,0.0,0.0,128.0,2758.0
124,Samsung,Galaxy A54 256GB,189.0,6,32.0,62.0,5000,6.4,2499,449.0,1499,2023,East Asia (Other),1.0,0.0,0.0,256.0,2758.0
125,Samsung,Galaxy A34 128GB,199.0,6,13.0,56.0,5000,6.6,1799,349.0,1299,2023,East Asia (Other),1.0,0.0,0.0,128.0,2409.0
126,Samsung,Galaxy A34 256GB,199.0,6,13.0,56.0,5000,6.6,1999,399.0,1399,2023,East Asia (Other),1.0,0.0,0.0,256.0,2409.0
127,Samsung,Galaxy A24 128GB,195.0,6,13.0,55.0,5000,6.5,1599,299.0,1199,2023,East Asia (Other),1.0,0.0,0.0,128.0,1979.0
128,Samsung,Galaxy A24 256GB,195.0,6,13.0,55.0,5000,6.5,1799,349.0,1299,2023,East Asia (Other),1.0,0.0,0.0,256.0,1979.0
129,Samsung,Galaxy A14 128GB,190.0,4,13.0,52.0,5000,6.6,1499,249.0,1099,2023,East Asia (Other),1.0,0.0,0.0,128.0,868.0
130,Samsung,Galaxy A14 256GB,190.0,4,13.0,52.0,5000,6.6,1699,299.0,1199,2023,East Asia (Other),1.0,0.0,0.0,256.0,868.0
131,Samsung,Galaxy A04 64GB,188.0,4,5.0,52.0,5000,6.5,1199,199.0,899,2022,East Asia (Other),1.0,0.0,0.0,64.0,868.0
132,Samsung,Galaxy A04 128GB,188.0,4,5.0,52.0,5000,6.5,1399,249.0,999,2022,East Asia (Other),1.0,0.0,0.0,128.0,868.0
133,Samsung,Galaxy M54 128GB,202.0,8,32.0,116.0,6000,6.7,2099,349.0,1299,2023,East Asia (Other),1.0,0.0,0.0,128.0,2758.0
134,Samsung,Galaxy M54 256GB,202.0,8,32.0,116.0,6000,6.7,2299,399.0,1399,2023,East Asia (Other),1.0,0.0,0.0,256.0,2758.0
135,Samsung,Galaxy M34 128GB,199.0,6,13.0,58.0,6000,6.5,1699,299.0,1099,2023,East Asia (Other),1.0,0.0,0.0,128.0,1913.0
136,Samsung,Galaxy M34 256GB,199.0,6,13.0,58.0,6000,6.5,1999,349.0,1199,2023,East Asia (Other),1.0,0.0,0.0,256.0,1913.0
137,Samsung,Galaxy M14 128GB,202.0,4,13.0,52.0,6000,6.6,1399,249.0,999,2023,East Asia (Other),1.0,0.0,0.0,128.0,868.0
138,Samsung,Galaxy M14 256GB,202.0,4,13.0,52.0,6000,6.6,1599,299.0,1099,2023,East Asia (Other),1.0,0.0,0.0,256.0,868.0
139,Samsung,Galaxy M04 64GB,188.0,4,5.0,15.0,5000,6.5,1099,199.0,899,2022,East Asia (Other),1.0,0.0,0.0,64.0,812.0
140,Samsung,Galaxy M04 128GB,188.0,4,5.0,15.0,5000,6.5,1299,249.0,999,2022,East Asia (Other),1.0,0.0,0.0,128.0,812.0
141,Samsung,Galaxy F54 128GB,199.0,8,32.0,116.0,6000,6.7,2199,349.0,1299,2023,East Asia (Other),1.0,0.0,0.0,128.0,2758.0
142,Samsung,Galaxy F54 256GB,199.0,8,32.0,116.0,6000,6.7,2399,399.0,1399,2023,East Asia (Other),1.0,0.0,0.0,256.0,2758.0
143,Samsung,Galaxy F34 128GB,190.0,6,13.0,58.0,6000,6.5,1799,299.0,1099,2023,East Asia (Other),1.0,0.0,0.0,128.0,1913.0
144,Samsung,Galaxy F34 256GB,190.0,6,13.0,58.0,6000,6.5,1999,349.0,1199,2023,East Asia (Other),1.0,0.0,0.0,256.0,1913.0
145,Samsung,Galaxy F14 128GB,198.0,4,13.0,52.0,6000,6.6,1399,249.0,999,2023,East Asia (Other),1.0,0.0,0.0,128.0,868.0
146,Samsung,Galaxy F14 256GB,198.0,4,13.0,52.0,6000,6.6,1599,299.0,1099,2023,East Asia (Other),1.0,0.0,0.0,256.0,868.0
147,Samsung,Galaxy Note 20 Ultra 128GB,208.0,12,10.0,120.0,4500,6.9,7999,1299.0,4499,2020,East Asia (Other),1.0,0.0,0.0,128.0,2670.0
148,Samsung,Galaxy Note 20 Ultra 256GB,208.0,12,10.0,120.0,4500,6.9,8499,1399.0,4999,2020,East Asia (Other),1.0,0.0,0.0,256.0,2670.0
149,Samsung,Galaxy Note 20 128GB,192.0,8,10.0,120.0,4300,6.7,6499,999.0,3999,2020,East Asia (Other),1.0,0.0,0.0,128.0,2670.0
150,Samsung,Galaxy Note 20 256GB,192.0,8,10.0,120.0,4300,6.7,7099,1099.0,4199,2020,East Asia (Other),1.0,0.0,0.0,256.0,2670.0
151,Samsung,Galaxy Note 10+ 256GB,196.0,12,10.0,28.0,4300,6.8,6299,1099.0,3899,2019,East Asia (Other),1.0,0.0,0.0,256.0,2354.0
152,Samsung,Galaxy Note 10+ 512GB,196.0,12,10.0,28.0,4300,6.8,6999,1199.0,4199,2019,East Asia (Other),1.0,0.0,0.0,512.0,2354.0
153,Samsung,Galaxy Note 10 256GB,168.0,8,10.0,28.0,3500,6.3,5699,949.0,3699,2019,East Asia (Other),1.0,0.0,0.0,256.0,2354.0
154,Samsung,Galaxy Note 10 128GB,168.0,8,10.0,28.0,3500,6.3,5199,899.0,3399,2019,East Asia (Other),1.0,0.0,0.0,128.0,2354.0
155,Samsung,Galaxy Xcover 6 Pro 128GB,235.0,6,13.0,50.0,4050,6.6,2299,499.0,1699,2022,East Asia (Other),1.0,0.0,0.0,128.0,2758.0
156,Samsung,Galaxy Xcover 5 64GB,172.0,4,5.0,16.0,3000,5.3,1299,249.0,899,2020,East Asia (Other),1.0,0.0,0.0,64.0,868.0
157,Samsung,Galaxy J8 64GB,191.0,4,16.0,21.0,3500,6.0,1699,199.0,799,2018,East Asia (Other),1.0,0.0,0.0,64.0,762.0
158,Samsung,Galaxy J7 Pro 64GB,181.0,3,13.0,13.0,3600,5.5,1599,179.0,699,2017,East Asia (Other),1.0,0.0,0.0,64.0,492.0
159,Samsung,Galaxy J6+ 64GB,178.0,4,8.0,18.0,3300,6.0,1499,169.0,699,2018,East Asia (Other),1.0,0.0,0.0,64.0,488.0
160,Samsung,Galaxy J4 16GB,175.0,2,5.0,13.0,3000,5.5,999,129.0,499,2018,East Asia (Other),1.0,0.0,0.0,16.0,
161,Samsung,Galaxy C9 Pro 64GB,189.0,6,16.0,24.0,4000,6.0,3099,399.0,1299,2016,East Asia (Other),1.0,0.0,0.0,64.0,
162,Samsung,Galaxy C7 Pro 64GB,165.0,4,16.0,16.0,3300,5.7,2499,299.0,999,2017,East Asia (Other),1.0,0.0,0.0,64.0,862.0
163,Samsung,Galaxy C5 32GB,143.0,4,8.0,16.0,2600,5.2,1899,249.0,799,2016,East Asia (Other),1.0,0.0,0.0,32.0,
164,Samsung,Galaxy W22 5G 256GB,228.0,12,10.0,120.0,4500,7.6,10999,1499.0,5499,2021,East Asia (Other),1.0,0.0,0.0,256.0,3423.0
165,Samsung,Galaxy W21 5G 256GB,229.0,12,10.0,120.0,4500,7.6,9999,1399.0,4999,2020,East Asia (Other),1.0,0.0,0.0,256.0,3423.0
182,OnePlus,OnePlus 12 256GB,205.0,12,32.0,98.0,5000,6.7,5999,799.0,3199,2024,Other,0.0,1.0,0.0,256.0,7304.0
183,OnePlus,OnePlus 12R 256GB,203.0,12,16.0,58.0,4500,6.7,4299,699.0,2599,2024,Other,0.0,1.0,0.0,256.0,5299.0
184,OnePlus,OnePlus 11 256GB,205.0,12,16.0,98.0,5000,6.7,4999,699.0,2799,2023,Other,0.0,1.0,0.0,256.0,4002.0
185,OnePlus,OnePlus 11R 256GB,202.0,12,16.0,58.0,5000,6.7,3799,599.0,2499,2023,Other,0.0,1.0,0.0,256.0,4002.0
186,OnePlus,OnePlus Nord 3 256GB,190.0,12,16.0,58.0,5000,6.74,3499,499.0,1999,2023,Other,0.0,1.0,0.0,256.0,4169.0
187,OnePlus,OnePlus Nord CE 3 128GB,179.0,8,16.0,52.0,5000,6.72,2799,399.0,1499,2023,Other,0.0,1.0,0.0,128.0,2820.0
188,OnePlus,OnePlus Nord CE 3 Lite 128GB,195.0,8,16.0,108.0,5000,6.72,2099,299.0,1199,2023,Other,0.0,1.0,0.0,128.0,2134.0
189,OnePlus,OnePlus Nord N30 5G 128GB,192.0,8,16.0,66.0,5000,6.72,1999,249.0,999,2023,Other,0.0,1.0,0.0,128.0,1924.0
190,OnePlus,OnePlus Open 256GB,238.0,16,32.0,96.0,4800,7.8,6999,1099.0,4299,2024,Other,0.0,1.0,0.0,256.0,5299.0
191,OnePlus,OnePlus 10 Pro 256GB,200.0,12,32.0,98.0,5000,6.7,4999,899.0,3299,2022,Other,0.0,1.0,0.0,256.0,4002.0
192,OnePlus,OnePlus 10T 256GB,203.0,12,16.0,58.0,4500,6.7,4699,749.0,2899,2022,Other,0.0,1.0,0.0,256.0,
193,OnePlus,OnePlus 9 Pro 256GB,192.0,12,16.0,98.0,4500,6.7,4199,699.0,2799,2021,Other,0.0,1.0,0.0,256.0,3423.0
194,OnePlus,OnePlus 9 128GB,183.0,8,16.0,98.0,4500,6.55,3699,599.0,2299,2021,Other,0.0,1.0,0.0,128.0,3423.0
195,OnePlus,OnePlus 11 Pro 256GB,204.0,16,32.0,98.0,5000,6.7,6399,899.0,3599,2023,Other,0.0,1.0,0.0,256.0,5299.0
196,OnePlus,OnePlus Nord 2T 128GB,190.0,8,32.0,58.0,4500,6.43,2499,399.0,1699,2022,Other,0.0,1.0,0.0,128.0,3444.0
197,OnePlus,OnePlus Nord 2 128GB,190.0,8,32.0,58.0,4500,6.43,2299,349.0,1499,2021,Other,0.0,1.0,0.0,128.0,3172.0
198,OnePlus,OnePlus Nord N200 64GB,189.0,4,16.0,15.0,5000,6.49,1199,199.0,799,2021,Other,0.0,1.0,0.0,64.0,1802.0
199,OnePlus,OnePlus Nord N100 64GB,185.0,4,8.0,15.0,5000,6.52,1099,179.0,699,2020,Other,0.0,1.0,0.0,64.0,992.0
200,OnePlus,OnePlus 8T Cyberpunk 2077 Edition 256GB,188.0,12,16.0,64.0,4500,6.55,3699,749.0,2999,2020,Other,0.0,1.0,0.0,256.0,3274.0
201,OnePlus,OnePlus 9T 128GB,192.0,8,16.0,98.0,4500,6.55,4199,649.0,2799,2021,Other,0.0,1.0,0.0,128.0,3423.0
202,OnePlus,OnePlus 8T 256GB,188.0,12,16.0,64.0,4500,6.55,3499,599.0,2499,2020,Other,0.0,1.0,0.0,256.0,3274.0
203,OnePlus,OnePlus 10T 5G 256GB,203.0,12,16.0,58.0,4500,6.7,4699,749.0,2899,2022,Other,0.0,1.0,0.0,256.0,
204,OnePlus,OnePlus 9R 5G 128GB,189.0,8,16.0,53.0,4500,6.55,3499,599.0,2499,2021,Other,0.0,1.0,0.0,128.0,3317.0
205,OnePlus,OnePlus 8 Pro 256GB,199.0,12,16.0,96.0,4510,6.78,4999,749.0,2999,2020,Other,0.0,1.0,0.0,256.0,3274.0
206,OnePlus,OnePlus 8 128GB,180.0,8,16.0,64.0,4300,6.55,3499,699.0,2499,2020,Other,0.0,1.0,0.0,128.0,3274.0
207,OnePlus,OnePlus Nord CE 2 Lite 128GB,195.0,6,16.0,66.0,5000,6.59,1799,249.0,999,2022,Other,0.0,1.0,0.0,128.0,2239.0
208,OnePlus,OnePlus Nord CE 2 128GB,173.0,8,16.0,72.0,4500,6.43,2499,299.0,1299,2022,Other,0.0,1.0,0.0,128.0,3172.0
209,OnePlus,OnePlus Nord 1 128GB,184.0,6,16.0,53.0,4115,6.44,2099,349.0,1499,2020,Other,0.0,1.0,0.0,128.0,1844.0
210,OnePlus,OnePlus Nord CE 5G 128GB,170.0,6,16.0,72.0,4500,6.43,2499,299.0,1499,2021,Other,0.0,1.0,0.0,128.0,2095.0
211,OnePlus,OnePlus Nord 2 5G 128GB,189.0,8,32.0,58.0,4500,6.43,2499,399.0,1699,2021,Other,0.0,1.0,0.0,128.0,3172.0
212,OnePlus,OnePlus Nord N100 5G 64GB,185.0,4,8.0,15.0,5000,6.52,1099,179.0,699,2020,Other,0.0,1.0,0.0,64.0,992.0
213,OnePlus,OnePlus Nord N10 5G 128GB,190.0,6,16.0,72.0,4300,6.49,1799,299.0,1099,2020,Other,0.0,1.0,0.0,128.0,1889.0
214,OnePlus,OnePlus 8R 128GB,192.0,8,16.0,53.0,4300,6.55,3499,649.0,2499,2020,Other,0.0,1.0,0.0,128.0,3274.0
215,OnePlus,OnePlus 7R 128GB,190.0,6,16.0,53.0,3700,6.41,3199,599.0,2399,2020,Other,0.0,1.0,0.0,128.0,2834.0
216,OnePlus,OnePlus 6T McLaren Edition 256GB,185.0,10,16.0,36.0,3700,6.41,4699,799.0,3299,2018,Other,0.0,1.0,0.0,256.0,2074.0
217,OnePlus,OnePlus 5T Star Wars Edition 128GB,162.0,6,16.0,36.0,3300,6.01,3499,649.0,2499,2017,Other,0.0,1.0,0.0,128.0,1508.0
218,OnePlus,OnePlus 13R 128GB,210.0,8,16.0,58.0,4500,6.7,6499,849.0,3599,2023,Other,0.0,1.0,0.0,128.0,5299.0
219,OnePlus,OnePlus 11T 128GB,202.0,12,32.0,98.0,5000,6.7,5999,799.0,3499,2023,Other,0.0,1.0,0.0,128.0,5299.0
220,OnePlus,OnePlus 10R 128GB,205.0,8,16.0,66.0,4500,6.7,3899,599.0,2499,2022,Other,0.0,1.0,0.0,128.0,3624.0
221,OnePlus,OnePlus 7 Pro 5G 256GB,206.0,12,16.0,56.0,4000,6.67,4699,799.0,3299,2019,Other,0.0,1.0,0.0,256.0,2834.0
222,OnePlus,OnePlus 6 Special Edition 128GB,177.0,6,16.0,36.0,3300,6.28,3499,599.0,2499,2018,Other,0.0,1.0,0.0,128.0,2074.0
223,OnePlus,OnePlus 5 Special Edition 128GB,155.0,8,16.0,36.0,3300,5.5,3299,599.0,2399,2017,Other,0.0,1.0,0.0,128.0,1508.0
224,OnePlus,OnePlus Nord X 128GB,190.0,8,32.0,72.0,4000,6.44,2499,299.0,1299,2020,Other,0.0,1.0,0.0,128.0,1844.0
225,OnePlus,OnePlus 8 Pro McLaren Edition 256GB,199.0,12,16.0,56.0,4510,6.78,4999,899.0,3599,2020,Other,0.0,1.0,0.0,256.0,3274.0
226,OnePlus,OnePlus 8T Cyberpunk Edition 256GB,188.0,12,16.0,64.0,4500,6.55,4699,799.0,3299,2020,Other,0.0,1.0,0.0,256.0,3274.0
227,OnePlus,OnePlus 7T Pro 5G McLaren Edition 256GB,206.0,12,16.0,56.0,4085,6.67,5299,899.0,3799,2019,Other,0.0,1.0,0.0,256.0,2834.0
228,OnePlus,OnePlus 15R 128GB,210.0,12,32.0,58.0,5000,6.7,6499,849.0,3699,2023,Other,0.0,1.0,0.0,128.0,7304.0
229,OnePlus,OnePlus 14+ 128GB,202.0,8,16.0,72.0,4800,6.55,5999,799.0,3499,2023,Other,0.0,1.0,0.0,128.0,5299.0
230,OnePlus,OnePlus 13 Pro 256GB,215.0,12,32.0,98.0,5000,6.7,6199,899.0,3799,2023,Other,0.0,1.0,0.0,256.0,5299.0
231,OnePlus,OnePlus 12T 5G 256GB,200.0,12,16.0,58.0,5000,6.7,5899,849.0,3599,2023,Other,0.0,1.0,0.0,256.0,5299.0
235,Vivo,X200 128GB,223.0,12,32.0,50.0,6000,6.78,6999,999.0,3699,2024,East Asia (China),0.0,0.0,0.0,128.0,8969.0
236,Vivo,X200 256GB,223.0,12,32.0,50.0,6000,6.78,7499,1099.0,3999,2024,East Asia (China),0.0,0.0,0.0,256.0,8969.0
237,Vivo,X200 Pro 256GB,223.0,16,32.0,200.0,6000,6.78,7999,1199.0,4399,2024,East Asia (China),0.0,0.0,0.0,256.0,8969.0
238,Vivo,X200 Pro 512GB,223.0,16,32.0,200.0,6000,6.78,8499,1299.0,4699,2024,East Asia (China),0.0,0.0,0.0,512.0,8969.0
239,Vivo,X200 Pro Mini 256GB,187.0,16,32.0,50.0,5700,6.31,6499,949.0,3499,2024,East Asia (China),0.0,0.0,0.0,256.0,8969.0
240,Vivo,V40e 128GB,179.0,8,44.0,64.0,4100,6.44,2999,449.0,1649,2024,East Asia (China),0.0,0.0,0.0,128.0,2841.0
241,Vivo,Y200 GT 128GB,190.0,12,16.0,64.0,5000,6.58,2499,399.0,1499,2024,East Asia (China),0.0,0.0,0.0,128.0,3172.0
242,Vivo,T3 5G 128GB,180.0,8,16.0,50.0,5000,6.67,2299,349.0,1299,2024,East Asia (China),0.0,0.0,0.0,128.0,3317.0
243,Vivo,Y100 5G 128GB,181.0,8,16.0,64.0,4500,6.38,1999,299.0,1099,2024,East Asia (China),0.0,0.0,0.0,128.0,2239.0
244,Vivo,S18 Pro 256GB,189.0,12,32.0,108.0,4700,6.56,3999,599.0,2199,2024,East Asia (China),0.0,0.0,0.0,256.0,5299.0
245,Vivo,V30 Pro 128GB,192.0,12,32.0,64.0,4500,6.44,3499,549.0,1999,2024,East Asia (China),0.0,0.0,0.0,128.0,3321.0
246,Vivo,iQOO 12 256GB,210.0,16,16.0,50.0,5000,6.78,4499,699.0,2599,2024,East Asia (China),0.0,0.0,0.0,256.0,7304.0
247,Vivo,Z3 64GB,162.0,6,12.0,16.0,3315,6.3,1699,249.0,899,2018,East Asia (China),0.0,0.0,0.0,64.0,1352.0
248,Vivo,V9 64GB,150.0,4,24.0,16.0,3260,6.3,1499,219.0,799,2018,East Asia (China),0.0,0.0,0.0,64.0,
249,Vivo,X9 Plus 128GB,199.0,6,28.0,16.0,4000,5.88,2199,299.0,1099,2017,East Asia (China),0.0,0.0,0.0,128.0,
250,Vivo,Y81 32GB,146.0,3,5.0,13.0,3260,6.22,999,149.0,549,2018,East Asia (China),0.0,0.0,0.0,32.0,723.0
251,Vivo,X5Max 16GB,146.0,2,5.0,13.0,2300,5.5,1299,199.0,699,2014,East Asia (China),0.0,0.0,0.0,16.0,
252,Vivo,V5 Plus 64GB,158.0,4,28.0,16.0,3055,5.5,1699,249.0,899,2017,East Asia (China),0.0,0.0,0.0,64.0,862.0
253,Vivo,Y95 64GB,163.0,4,20.0,15.0,4030,6.22,1299,199.0,699,2018,East Asia (China),0.0,0.0,0.0,64.0,795.0
254,Vivo,V3 Max 32GB,168.0,4,8.0,13.0,3000,5.5,1199,179.0,649,2016,East Asia (China),0.0,0.0,0.0,32.0,
255,Vivo,X3S 16GB,153.0,1,5.0,13.0,2000,5.0,899,139.0,499,2014,East Asia (China),0.0,0.0,0.0,16.0,
256,Vivo,Y66 32GB,155.0,3,16.0,13.0,3000,5.5,1199,179.0,649,2017,East Asia (China),0.0,0.0,0.0,32.0,827.0
257,Vivo,V19 128GB,176.0,8,32.0,48.0,4500,6.44,2799,399.0,1499,2020,East Asia (China),0.0,0.0,0.0,128.0,1436.0
258,Vivo,V19 256GB,176.0,8,32.0,48.0,4500,6.44,3199,429.0,1599,2020,East Asia (China),0.0,0.0,0.0,256.0,1436.0
259,Vivo,V17 Pro 128GB,201.0,8,32.0,48.0,4100,6.44,2999,399.0,1499,2019,East Asia (China),0.0,0.0,0.0,128.0,1695.0
260,Vivo,V17 Pro 256GB,201.0,8,32.0,48.0,4100,6.44,3199,429.0,1599,2019,East Asia (China),0.0,0.0,0.0,256.0,1695.0
261,Vivo,Y12s 64GB,191.0,3,8.0,13.0,5000,6.51,899,159.0,599,2020,East Asia (China),0.0,0.0,0.0,64.0,812.0
262,Vivo,Y12s 128GB,191.0,4,8.0,13.0,5000,6.51,1099,179.0,699,2020,East Asia (China),0.0,0.0,0.0,128.0,812.0
263,Vivo,S1 Pro 128GB,185.0,6,32.0,48.0,4500,6.38,2299,249.0,999,2019,East Asia (China),0.0,0.0,0.0,128.0,1186.0
264,Vivo,S1 Pro 256GB,185.0,6,32.0,48.0,4500,6.38,2499,269.0,1099,2019,East Asia (China),0.0,0.0,0.0,256.0,1186.0
265,Vivo,Y11 32GB,190.0,3,8.0,13.0,5000,6.35,899,149.0,599,2019,East Asia (China),0.0,0.0,0.0,32.0,795.0
266,Vivo,Y11 64GB,190.0,3,8.0,13.0,5000,6.35,1099,169.0,649,2019,East Asia (China),0.0,0.0,0.0,64.0,795.0
267,Vivo,V15 128GB,190.0,6,32.0,48.0,4000,6.53,2199,299.0,1099,2019,East Asia (China),0.0,0.0,0.0,128.0,1066.0
268,Vivo,V15 256GB,190.0,6,32.0,48.0,4000,6.53,2399,319.0,1199,2019,East Asia (China),0.0,0.0,0.0,256.0,1066.0
269,Vivo,X27 Pro 128GB,190.0,8,32.0,48.0,4000,6.39,3499,499.0,1799,2019,East Asia (China),0.0,0.0,0.0,128.0,1352.0
270,Vivo,X27 Pro 256GB,190.0,8,32.0,48.0,4000,6.39,3799,549.0,1999,2019,East Asia (China),0.0,0.0,0.0,256.0,1352.0
271,Vivo,Y30 128GB,193.0,4,8.0,13.0,5000,6.47,1499,199.0,749,2020,East Asia (China),0.0,0.0,0.0,128.0,812.0
272,Vivo,Y30 64GB,193.0,3,8.0,13.0,5000,6.47,1299,169.0,649,2020,East Asia (China),0.0,0.0,0.0,64.0,812.0
273,Vivo,Z1 Pro 64GB,159.0,4,16.0,16.0,4500,6.53,1799,249.0,899,2019,East Asia (China),0.0,0.0,0.0,64.0,1436.0
274,Vivo,Z1 Pro 128GB,159.0,6,16.0,16.0,4500,6.53,2099,299.0,999,2019,East Asia (China),0.0,0.0,0.0,128.0,1436.0
275,Vivo,X21 128GB,156.0,6,12.0,12.0,3200,6.28,2299,349.0,1199,2018,East Asia (China),0.0,0.0,0.0,128.0,1232.0
276,Vivo,X21 64GB,156.0,4,12.0,12.0,3200,6.28,1899,299.0,999,2018,East Asia (China),0.0,0.0,0.0,64.0,1232.0
277,Vivo,V23e 128GB,172.0,8,50.0,64.0,4050,6.44,1799,299.0,1099,2021,East Asia (China),0.0,0.0,0.0,128.0,1855.0
278,Vivo,V23e 256GB,172.0,8,50.0,64.0,4050,6.44,1999,349.0,1199,2021,East Asia (China),0.0,0.0,0.0,256.0,1855.0
279,Vivo,Y33s 128GB,182.0,8,16.0,50.0,5000,6.58,1699,239.0,899,2021,East Asia (China),0.0,0.0,0.0,128.0,1354.0
280,Vivo,Y33s 64GB,182.0,4,16.0,50.0,5000,6.58,1299,179.0,799,2021,East Asia (China),0.0,0.0,0.0,64.0,1354.0
281,Vivo,X60 Pro 256GB,190.0,12,32.0,48.0,4200,6.56,3999,899.0,1999,2021,East Asia (China),0.0,0.0,0.0,256.0,3317.0
282,Vivo,X60 Pro 512GB,190.0,12,32.0,48.0,4200,6.56,4199,999.0,2099,2021,East Asia (China),0.0,0.0,0.0,512.0,3317.0
283,Vivo,V20 Pro 128GB,173.0,8,44.0,64.0,4000,6.44,2699,499.0,1499,2020,East Asia (China),0.0,0.0,0.0,128.0,1844.0
284,Vivo,V20 Pro 256GB,173.0,8,44.0,64.0,4000,6.44,2999,549.0,1699,2020,East Asia (China),0.0,0.0,0.0,256.0,1844.0
285,Vivo,Y75 5G 128GB,179.0,8,16.0,50.0,5000,6.58,2199,349.0,1299,2021,East Asia (China),0.0,0.0,0.0,128.0,1783.0
286,Vivo,Y75 5G 256GB,179.0,8,16.0,50.0,5000,6.58,2499,399.0,1499,2021,East Asia (China),0.0,0.0,0.0,256.0,1783.0
287,Vivo,Y53s 128GB,190.0,6,16.0,64.0,5000,6.58,1699,229.0,899,2021,East Asia (China),0.0,0.0,0.0,128.0,1354.0
288,Vivo,Y53s 64GB,190.0,6,16.0,64.0,5000,6.58,1299,179.0,799,2021,East Asia (China),0.0,0.0,0.0,64.0,1354.0
289,Vivo,V15 Pro 128GB,185.0,6,32.0,48.0,3700,6.39,2499,399.0,1499,2019,East Asia (China),0.0,0.0,0.0,128.0,1695.0
290,Vivo,V15 Pro 256GB,185.0,6,32.0,48.0,3700,6.39,2799,449.0,1699,2019,East Asia (China),0.0,0.0,0.0,256.0,1695.0
291,Vivo,X70 Pro 128GB,185.0,8,32.0,50.0,4450,6.56,4299,749.0,2099,2021,East Asia (China),0.0,0.0,0.0,128.0,3172.0
292,Vivo,X70 Pro 256GB,185.0,8,32.0,50.0,4450,6.56,4699,799.0,2299,2021,East Asia (China),0.0,0.0,0.0,256.0,3172.0
293,Vivo,T1 5G 128GB,181.0,6,16.0,50.0,5000,6.58,1799,269.0,999,2022,East Asia (China),0.0,0.0,0.0,128.0,2134.0
294,Vivo,T1 5G 256GB,181.0,8,16.0,50.0,5000,6.58,1999,319.0,1099,2022,East Asia (China),0.0,0.0,0.0,256.0,2134.0
295,Vivo,X30 Pro 128GB,199.0,8,32.0,64.0,4200,6.44,4599,899.0,2299,2019,East Asia (China),0.0,0.0,0.0,128.0,2834.0
296,Vivo,X30 Pro 256GB,199.0,8,32.0,64.0,4200,6.44,5199,949.0,2499,2019,East Asia (China),0.0,0.0,0.0,256.0,2834.0
297,Vivo,V27 128GB,182.0,8,50.0,50.0,4600,6.78,2999,599.0,1699,2023,East Asia (China),0.0,0.0,0.0,128.0,3891.0
298,Vivo,V27 256GB,182.0,8,50.0,50.0,4600,6.78,3199,649.0,1899,2023,East Asia (China),0.0,0.0,0.0,256.0,3891.0
299,Vivo,V27 Pro 128GB,182.0,8,50.0,50.0,4600,6.78,3299,699.0,1899,2023,East Asia (China),0.0,0.0,0.0,128.0,3891.0
300,Vivo,V27 Pro 256GB,182.0,8,50.0,50.0,4600,6.78,3499,749.0,2099,2023,East Asia (China),0.0,0.0,0.0,256.0,3891.0
301,Vivo,V25 Pro 128GB,190.0,8,32.0,64.0,4830,6.56,2799,599.0,1599,2022,East Asia (China),0.0,0.0,0.0,128.0,3444.0
302,Vivo,V25 Pro 256GB,190.0,8,32.0,64.0,4830,6.56,2999,649.0,1799,2022,East Asia (China),0.0,0.0,0.0,256.0,3444.0
303,Vivo,X90 Pro 256GB,221.0,12,32.0,50.0,4870,6.78,6999,1099.0,3999,2022,East Asia (China),0.0,0.0,0.0,256.0,5281.0
304,Vivo,X90 Pro 512GB,221.0,12,32.0,50.0,4870,6.78,7499,1199.0,4499,2022,East Asia (China),0.0,0.0,0.0,512.0,5281.0
305,Vivo,Y100 128GB,190.0,8,16.0,64.0,4500,6.44,1999,399.0,1199,2023,East Asia (China),0.0,0.0,0.0,128.0,2239.0
306,Vivo,Y100 256GB,190.0,8,16.0,64.0,4500,6.44,2199,449.0,1399,2023,East Asia (China),0.0,0.0,0.0,256.0,2239.0
307,Vivo,T2 Series 128GB,190.0,8,16.0,64.0,4500,6.44,1699,299.0,999,2023,East Asia (China),0.0,0.0,0.0,128.0,2134.0
308,Vivo,T2 Series 256GB,190.0,8,16.0,64.0,4500,6.44,1799,349.0,1099,2023,East Asia (China),0.0,0.0,0.0,256.0,2134.0
309,Vivo,V23 5G 128GB,179.0,8,50.0,64.0,4200,6.44,2799,499.0,1499,2022,East Asia (China),0.0,0.0,0.0,128.0,2310.0
310,Vivo,V23 5G 256GB,179.0,8,50.0,64.0,4200,6.44,3199,549.0,1699,2022,East Asia (China),0.0,0.0,0.0,256.0,2310.0
311,Vivo,X80 256GB,206.0,12,32.0,50.0,4700,6.78,5999,899.0,3499,2022,East Asia (China),0.0,0.0,0.0,256.0,4169.0
312,Vivo,X80 512GB,206.0,12,32.0,50.0,4700,6.78,6499,999.0,3999,2022,East Asia (China),0.0,0.0,0.0,512.0,4169.0
313,Vivo,Y21 128GB,182.0,4,8.0,13.0,5000,6.51,1299,199.0,699,2021,East Asia (China),0.0,0.0,0.0,128.0,812.0
314,Vivo,Y21 64GB,182.0,4,8.0,13.0,5000,6.51,1099,179.0,599,2021,East Asia (China),0.0,0.0,0.0,64.0,812.0
324,Oppo,Find N3 512GB,239.0,12,32.0,160.0,4805,7.82,9999,1399.0,5199,2023,Other,0.0,1.0,0.0,512.0,5299.0
325,Oppo,Find N3 Flip 256GB,198.0,12,32.0,130.0,4300,6.8,6999,999.0,3699,2023,Other,0.0,1.0,0.0,256.0,5281.0
326,Oppo,Find X8 Pro 256GB,210.0,12,32.0,150.0,5000,6.8,8999,1299.0,4799,2024,Other,0.0,1.0,0.0,256.0,5299.0
327,Oppo,Find X8 256GB,195.0,8,32.0,100.0,4800,6.7,7499,1099.0,4099,2024,Other,0.0,1.0,0.0,256.0,5299.0
328,Oppo,Reno13 F 4G 256GB,192.0,8,32.0,60.0,5800,6.67,3499,499.0,1899,2025,Other,0.0,1.0,0.0,256.0,2028.0
329,Oppo,Reno13 F 256GB,192.0,8,32.0,60.0,5800,6.67,3499,499.0,1899,2025,Other,0.0,1.0,0.0,256.0,2028.0
330,Oppo,Reno13 Pro 512GB,210.0,12,50.0,108.0,5800,6.83,5999,799.0,2999,2025,Other,0.0,1.0,0.0,512.0,4325.0
331,Oppo,Reno13 256GB,200.0,12,50.0,58.0,5600,6.59,4999,699.0,2599,2025,Other,0.0,1.0,0.0,256.0,4325.0
332,Oppo,Reno12 F 4G 256GB,187.0,8,32.0,60.0,5000,6.7,3199,449.0,1699,2024,Other,0.0,1.0,0.0,256.0,1510.0
333,Oppo,Reno12 F 256GB,187.0,8,32.0,60.0,5000,6.7,3199,449.0,1699,2024,Other,0.0,1.0,0.0,256.0,1510.0
334,Oppo,Reno12 Pro 512GB,190.0,12,32.0,90.0,4600,6.74,5499,749.0,2799,2024,Other,0.0,1.0,0.0,512.0,3891.0
335,Oppo,Reno12 256GB,185.0,8,32.0,58.0,5000,6.7,3999,599.0,2199,2024,Other,0.0,1.0,0.0,256.0,2343.0
336,Oppo,Reno11 F 256GB,185.0,8,32.0,74.0,5000,6.7,3499,499.0,1899,2024,Other,0.0,1.0,0.0,256.0,2343.0
337,Oppo,Reno11 Pro 512GB,190.0,12,32.0,90.0,4600,6.74,4999,699.0,2599,2024,Other,0.0,1.0,0.0,512.0,3891.0
338,Oppo,A5 Pro 256GB,180.0,8,16.0,52.0,6000,6.7,3999,599.0,2199,2024,Other,0.0,1.0,0.0,256.0,3025.0
339,Oppo,A5 Pro 512GB,186.0,12,16.0,52.0,6000,6.7,4499,699.0,2499,2024,Other,0.0,1.0,0.0,512.0,3025.0
340,Oppo,A80 256GB,186.0,8,8.0,52.0,5100,6.67,3499,499.0,1899,2024,Other,0.0,1.0,0.0,256.0,2012.0
341,Oppo,A3 4G 128GB,186.0,4,5.0,50.0,5000,6.7,2999,399.0,1499,2024,Other,0.0,1.0,0.0,128.0,
342,Oppo,A3x 4G 128GB,186.0,4,8.0,10.0,5100,6.67,3199,449.0,1699,2024,Other,0.0,1.0,0.0,128.0,
343,Oppo,A3x 4G 256GB,186.0,6,8.0,10.0,5100,6.67,3499,499.0,1899,2024,Other,0.0,1.0,0.0,256.0,
344,Oppo,A3 128GB,186.0,4,5.0,50.0,5000,6.7,2999,399.0,1499,2024,Other,0.0,1.0,0.0,128.0,
345,Oppo,A3x 128GB,186.0,4,8.0,10.0,5100,6.67,3199,449.0,1699,2024,Other,0.0,1.0,0.0,128.0,
346,Oppo,A3x 256GB,186.0,6,8.0,10.0,5100,6.67,3499,499.0,1899,2024,Other,0.0,1.0,0.0,256.0,
347,Oppo,A3 128GB,186.0,4,5.0,50.0,5000,6.7,2999,399.0,1499,2024,Other,0.0,1.0,0.0,128.0,
348,Oppo,A60 128GB,186.0,8,8.0,52.0,5000,6.67,3199,449.0,1699,2024,Other,0.0,1.0,0.0,128.0,1444.0
349,Oppo,A60 256GB,186.0,8,8.0,52.0,5000,6.67,3499,499.0,1899,2024,Other,0.0,1.0,0.0,256.0,1444.0
350,Oppo,K12 Plus 256GB,192.0,8,16.0,50.0,6400,6.7,4999,699.0,2599,2024,Other,0.0,1.0,0.0,256.0,3375.0
351,Oppo,K12 Plus 512GB,192.0,12,16.0,50.0,6400,6.7,5499,799.0,2999,2024,Other,0.0,1.0,0.0,512.0,3375.0
352,Oppo,F27 128GB,175.0,8,32.0,66.0,5000,6.7,3499,499.0,1899,2024,Other,0.0,1.0,0.0,128.0,2343.0
353,Oppo,F27 256GB,175.0,8,32.0,66.0,5000,6.7,3799,549.0,2099,2024,Other,0.0,1.0,0.0,256.0,2343.0
354,Oppo,F27 Pro+ 256GB,177.0,8,32.0,66.0,5000,6.7,3999,599.0,2199,2024,Other,0.0,1.0,0.0,256.0,2343.0
355,Oppo,F27 Pro+ 512GB,177.0,12,32.0,66.0,5000,6.7,4499,699.0,2499,2024,Other,0.0,1.0,0.0,512.0,2343.0
356,Oppo,F25 Pro 128GB,173.0,8,32.0,66.0,4500,6.55,3499,549.0,1999,2023,Other,0.0,1.0,0.0,128.0,2841.0
357,Oppo,F25 Pro 256GB,173.0,8,32.0,66.0,4500,6.55,3799,599.0,2199,2023,Other,0.0,1.0,0.0,256.0,2841.0
364,Oppo,Find X7 Ultra 256GB,221.0,12,32.0,150.0,5000,6.82,7999,1199.0,4399,2024,Other,0.0,1.0,0.0,256.0,7304.0
365,Oppo,Find X7 Ultra 512GB,221.0,16,32.0,150.0,5000,6.82,8999,1299.0,4799,2024,Other,0.0,1.0,0.0,512.0,7304.0
366,Oppo,Find X7 256GB,206.0,12,32.0,164.0,5000,6.78,6999,1099.0,3999,2024,Other,0.0,1.0,0.0,256.0,7538.0
367,Oppo,Find X7 512GB,206.0,16,32.0,164.0,5000,6.78,7999,1199.0,4399,2024,Other,0.0,1.0,0.0,512.0,7538.0
368,Oppo,Find X6 Pro 256GB,218.0,12,32.0,150.0,5000,6.82,6499,999.0,3699,2023,Other,0.0,1.0,0.0,256.0,5299.0
369,Oppo,Find X6 Pro 512GB,218.0,16,32.0,150.0,5000,6.82,7499,1099.0,4099,2023,Other,0.0,1.0,0.0,512.0,5299.0
370,Oppo,Find X6 256GB,207.0,12,32.0,150.0,4800,6.74,5999,899.0,3299,2023,Other,0.0,1.0,0.0,256.0,5281.0
371,Oppo,Find X6 512GB,207.0,16,32.0,150.0,4800,6.74,6999,999.0,3699,2023,Other,0.0,1.0,0.0,512.0,5281.0
372,Oppo,Find X5 Pro 256GB,218.0,12,32.0,113.0,5000,6.7,5999,899.0,3299,2022,Other,0.0,1.0,0.0,256.0,4002.0
373,Oppo,Find X5 Pro 512GB,218.0,16,32.0,113.0,5000,6.7,6999,999.0,3699,2022,Other,0.0,1.0,0.0,512.0,4002.0
374,Oppo,Find X5 256GB,196.0,8,32.0,113.0,4800,6.55,4999,799.0,2999,2022,Other,0.0,1.0,0.0,256.0,3423.0
375,Oppo,Find N2 Flip 256GB,191.0,8,32.0,58.0,4300,6.8,5999,899.0,3299,2023,Other,0.0,1.0,0.0,256.0,4169.0
376,Oppo,Find N2 Flip 512GB,191.0,12,32.0,58.0,4300,6.8,6999,999.0,3699,2023,Other,0.0,1.0,0.0,512.0,4169.0
377,Oppo,Find N2 256GB,233.0,12,32.0,130.0,4520,7.1,6999,1099.0,3999,2022,Other,0.0,1.0,0.0,256.0,
378,Oppo,Reno10 5G 128GB,180.0,8,32.0,104.0,5000,6.7,2699,499.0,1899,2023,Other,0.0,1.0,0.0,128.0,2343.0
379,Oppo,Reno10 5G 256GB,180.0,8,32.0,104.0,5000,6.7,2999,549.0,2099,2023,Other,0.0,1.0,0.0,256.0,2343.0
380,Oppo,Reno10 Pro 5G 256GB,186.0,12,32.0,90.0,4600,6.7,3499,599.0,2299,2023,Other,0.0,1.0,0.0,256.0,2841.0
381,Oppo,Reno10 Pro+ 5G 256GB,194.0,16,32.0,122.0,4700,6.74,3999,699.0,2599,2023,Other,0.0,1.0,0.0,256.0,
382,Oppo,Reno9 5G 128GB,174.0,8,32.0,66.0,4500,6.7,2399,449.0,1699,2022,Other,0.0,1.0,0.0,128.0,2841.0
383,Oppo,Reno9 5G 256GB,174.0,12,32.0,66.0,4500,6.7,2699,499.0,1899,2022,Other,0.0,1.0,0.0,256.0,2841.0
384,Oppo,Reno9 Pro 5G 256GB,184.0,16,32.0,58.0,4500,6.7,3299,599.0,2199,2022,Other,0.0,1.0,0.0,256.0,3624.0
385,Oppo,Reno9 Pro+ 5G 256GB,192.0,16,32.0,60.0,4700,6.7,3799,649.0,2499,2022,Other,0.0,1.0,0.0,256.0,
386,Oppo,Reno8 5G 128GB,179.0,8,32.0,60.0,4500,6.4,2199,399.0,1499,2022,Other,0.0,1.0,0.0,128.0,3444.0
387,Oppo,Reno8 5G 256GB,179.0,12,32.0,60.0,4500,6.4,2499,449.0,1699,2022,Other,0.0,1.0,0.0,256.0,3444.0
388,Oppo,Reno8 Pro 5G 256GB,183.0,12,32.0,60.0,4500,6.7,3099,549.0,1999,2022,Other,0.0,1.0,0.0,256.0,3624.0
389,Oppo,Reno8 Pro+ 5G 256GB,195.0,12,32.0,60.0,4500,6.7,3399,599.0,2199,2022,Other,0.0,1.0,0.0,256.0,3624.0
390,Oppo,Reno7 5G 128GB,173.0,8,32.0,74.0,4500,6.4,1999,349.0,1299,2021,Other,0.0,1.0,0.0,128.0,2239.0
391,Oppo,Reno7 5G 256GB,173.0,12,32.0,74.0,4500,6.4,2199,399.0,1499,2021,Other,0.0,1.0,0.0,256.0,2239.0
392,Oppo,Reno7 Pro 5G 256GB,180.0,12,32.0,60.0,4500,6.55,2799,499.0,1799,2021,Other,0.0,1.0,0.0,256.0,3172.0
393,Oppo,Reno6 5G 128GB,182.0,8,32.0,74.0,4300,6.43,2399,349.0,1299,2021,Other,0.0,1.0,0.0,128.0,2239.0
394,Oppo,Reno6 5G 256GB,182.0,12,32.0,74.0,4300,6.43,2699,399.0,1499,2021,Other,0.0,1.0,0.0,256.0,2239.0
395,Oppo,Reno6 Pro 5G 128GB,177.0,8,32.0,76.0,4500,6.55,2999,449.0,1699,2021,Other,0.0,1.0,0.0,128.0,3172.0
396,Oppo,Reno6 Pro 5G 256GB,177.0,12,32.0,76.0,4500,6.55,3299,499.0,1899,2021,Other,0.0,1.0,0.0,256.0,3172.0
397,Oppo,Reno6 Pro+ 5G 256GB,188.0,12,32.0,81.0,4500,6.55,3999,599.0,2199,2021,Other,0.0,1.0,0.0,256.0,3317.0
398,Oppo,Reno5 5G 128GB,180.0,8,32.0,76.0,4300,6.43,2099,299.0,1099,2020,Other,0.0,1.0,0.0,128.0,1844.0
399,Oppo,Reno5 5G 256GB,180.0,12,32.0,76.0,4300,6.43,2399,349.0,1299,2020,Other,0.0,1.0,0.0,256.0,1844.0
400,Oppo,Reno5 Pro 5G 128GB,173.0,8,32.0,76.0,4350,6.55,2799,399.0,1499,2020,Other,0.0,1.0,0.0,128.0,
401,Oppo,Reno5 Pro 5G 256GB,173.0,12,32.0,76.0,4350,6.55,3099,449.0,1699,2020,Other,0.0,1.0,0.0,256.0,
402,Oppo,Reno5 Pro+ 5G 256GB,184.0,12,32.0,81.0,4500,6.55,3799,599.0,2099,2020,Other,0.0,1.0,0.0,256.0,3274.0
403,Oppo,Reno4 5G 128GB,183.0,8,32.0,60.0,4000,6.43,1899,299.0,999,2020,Other,0.0,1.0,0.0,128.0,1844.0
404,Oppo,Reno4 5G 256GB,183.0,8,32.0,60.0,4000,6.43,2199,349.0,1199,2020,Other,0.0,1.0,0.0,256.0,1844.0
405,Oppo,Reno4 Pro 5G 256GB,172.0,12,32.0,73.0,4000,6.55,3299,499.0,1799,2020,Other,0.0,1.0,0.0,256.0,1844.0
406,Oppo,Reno3 5G 128GB,181.0,8,32.0,76.0,4025,6.4,1799,249.0,899,2019,Other,0.0,1.0,0.0,128.0,
407,Oppo,Reno3 5G 256GB,181.0,12,32.0,76.0,4025,6.4,2099,299.0,1099,2019,Other,0.0,1.0,0.0,256.0,
408,Oppo,Reno3 Pro 5G 256GB,171.0,12,32.0,71.0,4025,6.5,3299,499.0,1799,2019,Other,0.0,1.0,0.0,256.0,1844.0
409,Oppo,A59 5G 128GB,186.0,6,8.0,15.0,5000,6.56,1699,199.0,1000,2023,Other,0.0,1.0,0.0,128.0,1924.0
410,Oppo,A59 5G 256GB,186.0,8,8.0,15.0,5000,6.56,1899,229.0,1200,2023,Other,0.0,1.0,0.0,256.0,1924.0
411,Oppo,A58 5G 256GB,188.0,8,8.0,52.0,5000,6.56,1699,249.0,1300,2022,Other,0.0,1.0,0.0,256.0,1783.0
412,Oppo,A57 5G 128GB,186.0,6,8.0,15.0,5000,6.56,1599,219.0,1100,2022,Other,0.0,1.0,0.0,128.0,1940.0
413,Oppo,A56 5G 128GB,189.0,6,8.0,15.0,5000,6.5,1499,199.0,1000,2021,Other,0.0,1.0,0.0,128.0,1783.0
414,Oppo,A55 5G 128GB,186.0,6,8.0,17.0,5000,6.5,1399,189.0,950,2021,Other,0.0,1.0,0.0,128.0,1783.0
415,Oppo,A54 5G 128GB,190.0,6,16.0,60.0,5000,6.5,1599,219.0,1100,2021,Other,0.0,1.0,0.0,128.0,1802.0
416,Oppo,A53 5G 128GB,175.0,4,8.0,20.0,4040,6.5,1299,179.0,900,2020,Other,0.0,1.0,0.0,128.0,1844.0
417,Oppo,A52 5G 128GB,184.0,4,8.0,24.0,4000,6.5,1199,169.0,850,2020,Other,0.0,1.0,0.0,128.0,1844.0
418,Oppo,A51 5G 128GB,186.0,4,8.0,17.0,4000,6.5,1099,149.0,800,2020,Other,0.0,1.0,0.0,128.0,1783.0
419,Oppo,A50 5G 128GB,185.0,4,8.0,15.0,4000,6.5,999,139.0,750,2020,Other,0.0,1.0,0.0,128.0,1783.0
420,Oppo,A49 5G 128GB,185.0,4,8.0,15.0,4000,6.5,899,129.0,700,2020,Other,0.0,1.0,0.0,128.0,1783.0
421,Oppo,A40 128GB,186.0,4,5.0,50.0,5100,6.67,1499,199.0,1000,2024,Other,0.0,1.0,0.0,128.0,
422,Oppo,A40 256GB,186.0,6,5.0,50.0,5100,6.67,1799,229.0,1200,2024,Other,0.0,1.0,0.0,256.0,
423,Oppo,K11x 128GB,195.0,8,16.0,110.0,5000,6.72,1499,199.0,1000,2023,Other,0.0,1.0,0.0,128.0,2134.0
424,Oppo,K11x 256GB,195.0,12,16.0,110.0,5000,6.72,1699,229.0,1200,2023,Other,0.0,1.0,0.0,256.0,2134.0
425,Oppo,K10x 128GB,195.0,6,16.0,68.0,5000,6.59,1499,199.0,1000,2022,Other,0.0,1.0,0.0,128.0,2134.0
426,Oppo,K10x 256GB,195.0,8,16.0,68.0,5000,6.59,1699,229.0,1200,2022,Other,0.0,1.0,0.0,256.0,2134.0
427,Oppo,K10 5G 128GB,205.0,8,16.0,74.0,5000,6.59,1799,249.0,1300,2022,Other,0.0,1.0,0.0,128.0,3498.0
428,Oppo,K9x 128GB,194.0,6,16.0,68.0,5000,6.5,1499,199.0,1000,2021,Other,0.0,1.0,0.0,128.0,1940.0
429,Oppo,K9x 256GB,194.0,8,16.0,68.0,5000,6.5,1699,229.0,1200,2021,Other,0.0,1.0,0.0,256.0,1940.0
430,Oppo,K9 Pro 5G 128GB,180.0,8,16.0,74.0,4500,6.43,2199,299.0,1500,2021,Other,0.0,1.0,0.0,128.0,3172.0
431,Oppo,K9 Pro 5G 256GB,180.0,12,16.0,74.0,4500,6.43,2499,329.0,1700,2021,Other,0.0,1.0,0.0,256.0,3172.0
432,Oppo,K9 5G 128GB,172.0,8,32.0,74.0,4300,6.43,1999,279.0,1400,2021,Other,0.0,1.0,0.0,128.0,
433,Oppo,K9 5G 256GB,172.0,8,32.0,74.0,4300,6.43,2199,299.0,1500,2021,Other,0.0,1.0,0.0,256.0,
434,Oppo,K7x 128GB,194.0,6,16.0,60.0,5000,6.5,1499,199.0,1000,2020,Other,0.0,1.0,0.0,128.0,1844.0
435,Oppo,K7 5G 128GB,180.0,8,32.0,60.0,4025,6.4,1999,279.0,1400,2020,Other,0.0,1.0,0.0,128.0,1844.0
436,Oppo,K7 5G 256GB,180.0,8,32.0,60.0,4025,6.4,2199,299.0,1500,2020,Other,0.0,1.0,0.0,256.0,1844.0
437,Oppo,K11x 128GB,195.0,8,16.0,110.0,5000,6.72,1499,199.0,1000,2023,Other,0.0,1.0,0.0,128.0,2134.0
438,Oppo,K11x 256GB,195.0,12,16.0,110.0,5000,6.72,1699,229.0,1200,2023,Other,0.0,1.0,0.0,256.0,2134.0
439,Oppo,K11 128GB,184.0,8,16.0,74.0,5000,6.7,1899,259.0,1300,2023,Other,0.0,1.0,0.0,128.0,2820.0
440,Oppo,K11 256GB,184.0,12,16.0,74.0,5000,6.7,2199,299.0,1500,2023,Other,0.0,1.0,0.0,256.0,2820.0
441,Oppo,K10x 128GB,195.0,6,16.0,68.0,5000,6.59,1499,199.0,1000,2022,Other,0.0,1.0,0.0,128.0,2134.0
442,Oppo,K10x 256GB,195.0,8,16.0,68.0,5000,6.59,1699,229.0,1200,2022,Other,0.0,1.0,0.0,256.0,2134.0
443,Oppo,K10 5G 128GB,205.0,8,16.0,74.0,5000,6.59,1799,249.0,1300,2022,Other,0.0,1.0,0.0,128.0,3498.0
444,Oppo,K10 5G 256GB,205.0,12,16.0,74.0,5000,6.59,2099,279.0,1500,2022,Other,0.0,1.0,0.0,256.0,3498.0
445,Oppo,K9x 128GB,194.0,6,16.0,68.0,5000,6.5,1499,199.0,1000,2021,Other,0.0,1.0,0.0,128.0,1940.0
446,Oppo,K9x 256GB,194.0,8,16.0,68.0,5000,6.5,1699,229.0,1200,2021,Other,0.0,1.0,0.0,256.0,1940.0
447,Oppo,K9 Pro 5G 128GB,180.0,8,16.0,74.0,4500,6.43,2199,299.0,1500,2021,Other,0.0,1.0,0.0,128.0,3172.0
448,Oppo,K9 Pro 5G 256GB,180.0,12,16.0,74.0,4500,6.43,2499,329.0,1700,2021,Other,0.0,1.0,0.0,256.0,3172.0
449,Oppo,K9 5G 128GB,172.0,8,32.0,74.0,4300,6.43,1999,279.0,1400,2021,Other,0.0,1.0,0.0,128.0,
450,Oppo,K9 5G 256GB,172.0,8,32.0,74.0,4300,6.43,2199,299.0,1500,2021,Other,0.0,1.0,0.0,256.0,
451,Oppo,K7x 128GB,194.0,6,16.0,60.0,5000,6.5,1499,199.0,1000,2020,Other,0.0,1.0,0.0,128.0,1844.0
452,Oppo,K7 5G 128GB,180.0,8,32.0,60.0,4025,6.4,1999,279.0,1400,2020,Other,0.0,1.0,0.0,128.0,1844.0
453,Realme,GT 7 Pro 128GB,222.8,12,16.0,108.0,6500,6.78,3400,470.0,1725,2024,East Asia (China),0.0,0.0,0.0,128.0,
454,Realme,GT 7 Pro 256GB,222.8,16,16.0,108.0,6500,6.78,3600,500.0,1840,2024,East Asia (China),0.0,0.0,0.0,256.0,
455,Realme,GT 6 128GB,191.0,8,32.0,108.0,5500,6.78,2800,380.0,1400,2023,East Asia (China),0.0,0.0,0.0,128.0,5570.0
456,Realme,GT 6 256GB,191.0,12,32.0,108.0,5500,6.78,2900,400.0,1460,2023,East Asia (China),0.0,0.0,0.0,256.0,5570.0
457,Realme,GT 6 512GB,191.0,16,32.0,108.0,5500,6.78,3000,420.0,1520,2023,East Asia (China),0.0,0.0,0.0,512.0,5570.0
458,Realme,GT 6T 128GB,191.0,8,32.0,58.0,5500,6.78,2700,360.0,1330,2023,East Asia (China),0.0,0.0,0.0,128.0,5098.0
459,Realme,GT 6T 256GB,191.0,8,32.0,58.0,5500,6.78,2800,380.0,1400,2023,East Asia (China),0.0,0.0,0.0,256.0,5098.0
460,Realme,14 Pro+ 5G 256GB,184.0,12,16.0,108.0,6000,6.83,2600,340.0,1250,2025,East Asia (China),0.0,0.0,0.0,256.0,3146.0
461,Realme,14 Pro+ 5G 512GB,184.0,12,16.0,108.0,6000,6.83,2800,360.0,1320,2025,East Asia (China),0.0,0.0,0.0,512.0,3146.0
462,Realme,14 Pro 5G 128GB,184.0,8,16.0,58.0,5800,6.7,2400,320.0,1150,2025,East Asia (China),0.0,0.0,0.0,128.0,3025.0
463,Realme,14 Pro 5G 256GB,184.0,8,16.0,58.0,5800,6.7,2500,340.0,1210,2025,East Asia (China),0.0,0.0,0.0,256.0,3025.0
464,Realme,14x 5G 128GB,190.0,6,16.0,52.0,5500,6.6,2000,270.0,970,2025,East Asia (China),0.0,0.0,0.0,128.0,2943.0
465,Realme,14x 5G 256GB,190.0,8,16.0,52.0,5500,6.6,2100,290.0,1030,2025,East Asia (China),0.0,0.0,0.0,256.0,2943.0
466,Realme,13+ 5G 128GB,185.0,8,16.0,52.0,5000,6.5,1800,250.0,900,2024,East Asia (China),0.0,0.0,0.0,128.0,2643.0
467,Realme,13+ 5G 256GB,185.0,8,16.0,52.0,5000,6.5,1900,270.0,970,2024,East Asia (China),0.0,0.0,0.0,256.0,2643.0
468,Realme,13 5G 128GB,190.0,6,16.0,52.0,5000,6.6,1500,220.0,800,2024,East Asia (China),0.0,0.0,0.0,128.0,
469,Realme,13 5G 256GB,190.0,8,16.0,52.0,5000,6.6,1600,240.0,860,2024,East Asia (China),0.0,0.0,0.0,256.0,
470,Realme,13 Pro 5G 128GB,192.0,8,16.0,60.0,5200,6.7,2200,300.0,1070,2024,East Asia (China),0.0,0.0,0.0,128.0,2943.0
471,Realme,13 Pro 5G 256GB,192.0,12,16.0,60.0,5200,6.7,2400,320.0,1140,2024,East Asia (China),0.0,0.0,0.0,256.0,2943.0
472,Realme,13 Pro+ 5G 256GB,195.0,12,32.0,108.0,5500,6.78,2800,360.0,1320,2024,East Asia (China),0.0,0.0,0.0,256.0,
473,Realme,13 Pro+ 5G 512GB,195.0,16,32.0,108.0,5500,6.78,3000,380.0,1390,2024,East Asia (China),0.0,0.0,0.0,512.0,
474,Realme,P1 Speed 5G 128GB,185.0,8,16.0,66.0,5100,6.7,1800,250.0,900,2024,East Asia (China),0.0,0.0,0.0,128.0,3624.0
475,Realme,P1 Speed 5G 256GB,185.0,12,16.0,66.0,5100,6.7,1900,270.0,960,2024,East Asia (China),0.0,0.0,0.0,256.0,3624.0
476,Realme,P2 Pro 5G 256GB,188.0,12,32.0,108.0,5500,6.78,2500,340.0,1210,2024,East Asia (China),0.0,0.0,0.0,256.0,
477,Realme,P2 Pro 5G 512GB,188.0,16,32.0,108.0,5500,6.78,2700,360.0,1280,2024,East Asia (China),0.0,0.0,0.0,512.0,
478,Realme,P1 5G 128GB,184.0,6,16.0,52.0,5000,6.6,1400,200.0,720,2024,East Asia (China),0.0,0.0,0.0,128.0,
479,Realme,P1 5G 256GB,184.0,8,16.0,52.0,5000,6.6,1500,220.0,780,2024,East Asia (China),0.0,0.0,0.0,256.0,
480,Realme,P1 Pro 5G 128GB,190.0,8,16.0,66.0,5200,6.7,1900,270.0,960,2024,East Asia (China),0.0,0.0,0.0,128.0,
481,Realme,P1 Pro 5G 256GB,190.0,12,16.0,66.0,5200,6.7,2000,290.0,1020,2024,East Asia (China),0.0,0.0,0.0,256.0,
482,Realme,Narzo 70 Turbo 5G 128GB,200.0,8,16.0,52.0,5000,6.6,1700,240.0,860,2024,East Asia (China),0.0,0.0,0.0,128.0,1940.0
483,Realme,Narzo 70 Turbo 5G 256GB,200.0,8,16.0,52.0,5000,6.6,1800,260.0,920,2024,East Asia (China),0.0,0.0,0.0,256.0,1940.0
484,Realme,Narzo N61 128GB,195.0,6,16.0,52.0,5000,6.5,1200,180.0,660,2024,East Asia (China),0.0,0.0,0.0,128.0,1979.0
485,Realme,Narzo N63 128GB,193.0,6,16.0,52.0,5000,6.5,1100,160.0,600,2024,East Asia (China),0.0,0.0,0.0,128.0,1355.0
486,Realme,Narzo N65 5G 128GB,198.0,8,16.0,52.0,5000,6.6,1500,210.0,780,2024,East Asia (China),0.0,0.0,0.0,128.0,1783.0
487,Realme,Narzo 70 5G 128GB,198.0,8,16.0,52.0,5200,6.6,1600,230.0,830,2024,East Asia (China),0.0,0.0,0.0,128.0,1940.0
488,Realme,C75 128GB,190.0,6,8.0,52.0,5000,6.6,1100,160.0,600,2024,East Asia (China),0.0,0.0,0.0,128.0,1332.0
489,Realme,C75 256GB,190.0,8,8.0,52.0,5000,6.6,1200,180.0,660,2024,East Asia (China),0.0,0.0,0.0,256.0,1332.0
490,Realme,C61 128GB,189.0,4,8.0,52.0,5000,6.5,900,130.0,500,2024,East Asia (China),0.0,0.0,0.0,128.0,
491,Realme,C67 128GB,195.0,6,8.0,52.0,5000,6.6,1200,170.0,620,2024,East Asia (China),0.0,0.0,0.0,128.0,1355.0
492,Realme,C67 256GB,195.0,8,8.0,52.0,5000,6.6,1300,190.0,680,2024,East Asia (China),0.0,0.0,0.0,256.0,1355.0
493,Realme,C65 128GB,192.0,6,8.0,52.0,5000,6.6,1100,160.0,600,2024,East Asia (China),0.0,0.0,0.0,128.0,1444.0
494,Realme,C65 256GB,192.0,8,8.0,52.0,5000,6.6,1200,180.0,660,2024,East Asia (China),0.0,0.0,0.0,256.0,1444.0
495,Realme,C63 128GB,191.0,6,8.0,52.0,5000,6.6,1050,150.0,580,2024,East Asia (China),0.0,0.0,0.0,128.0,1332.0
496,Realme,C55 128GB,189.0,6,8.0,66.0,5000,6.72,1200,170.0,620,2023,East Asia (China),0.0,0.0,0.0,128.0,1355.0
497,Realme,C55 256GB,189.0,8,8.0,66.0,5000,6.72,1300,190.0,680,2023,East Asia (China),0.0,0.0,0.0,256.0,1355.0
498,Realme,Note 60x 128GB,198.0,6,16.0,52.0,5200,6.6,1500,210.0,780,2024,East Asia (China),0.0,0.0,0.0,128.0,
499,Realme,Note 60 128GB,196.0,6,16.0,52.0,5200,6.6,1600,220.0,820,2024,East Asia (China),0.0,0.0,0.0,128.0,1940.0
500,Realme,Note 60 256GB,196.0,8,16.0,52.0,5200,6.6,1700,240.0,880,2024,East Asia (China),0.0,0.0,0.0,256.0,1940.0
501,Realme,Note 50 128GB,195.0,6,16.0,52.0,5000,6.5,1200,170.0,620,2024,East Asia (China),0.0,0.0,0.0,128.0,1979.0
502,Realme,GT 7 128GB,199.0,8,16.0,60.0,5200,6.8,3200,440.0,1620,2024,East Asia (China),0.0,0.0,0.0,128.0,5299.0
503,Realme,GT 7 256GB,199.0,12,16.0,60.0,5200,6.8,3600,500.0,1800,2024,East Asia (China),0.0,0.0,0.0,256.0,5299.0
504,Realme,Neo 7 128GB,193.0,8,16.0,74.0,5000,6.7,2400,330.0,1200,2024,East Asia (China),0.0,0.0,0.0,128.0,3891.0
505,Realme,Neo 7 256GB,193.0,12,16.0,74.0,5000,6.7,2800,380.0,1400,2024,East Asia (China),0.0,0.0,0.0,256.0,3891.0
506,Realme,P2 Pro 5G 128GB,195.0,8,16.0,58.0,5100,6.7,2500,350.0,1250,2024,East Asia (China),0.0,0.0,0.0,128.0,5281.0
507,Realme,P2 Pro 5G 256GB,195.0,12,16.0,58.0,5100,6.7,2900,400.0,1400,2024,East Asia (China),0.0,0.0,0.0,256.0,5281.0
522,Xiaomi,Xiaomi 15 Pro 256GB,210.0,12,32.0,150.0,6100,6.73,5299,799.0,3299,2024,East Asia (China),0.0,0.0,0.0,256.0,
523,Xiaomi,Xiaomi 15 Pro 512GB,210.0,16,32.0,150.0,6100,6.73,5799,899.0,3699,2024,East Asia (China),0.0,0.0,0.0,512.0,
524,Xiaomi,Xiaomi 15 Pro 1TB,210.0,16,32.0,150.0,6100,6.73,6499,999.0,4099,2024,East Asia (China),0.0,0.0,0.0,,
525,Xiaomi,Xiaomi 15 256GB,190.0,12,32.0,100.0,5400,6.36,4299,699.0,2899,2024,East Asia (China),0.0,0.0,0.0,256.0,
526,Xiaomi,Xiaomi 15 512GB,190.0,16,32.0,100.0,5400,6.36,4799,799.0,3299,2024,East Asia (China),0.0,0.0,0.0,512.0,
527,Xiaomi,Xiaomi 14T Pro 256GB,209.0,12,32.0,150.0,5000,6.67,3999,634.99,2699,2024,East Asia (China),0.0,0.0,0.0,256.0,7538.0
528,Xiaomi,Xiaomi 14T Pro 512GB,209.0,12,32.0,150.0,5000,6.67,4299,790.77,2999,2024,East Asia (China),0.0,0.0,0.0,512.0,7538.0
529,Xiaomi,Xiaomi 14T Pro 1TB,209.0,12,32.0,150.0,5000,6.67,4799,899.0,3299,2024,East Asia (China),0.0,0.0,0.0,,7538.0
530,Xiaomi,Xiaomi 14T 256GB,195.0,12,32.0,100.0,5000,6.67,3499,599.0,2499,2024,East Asia (China),0.0,0.0,0.0,256.0,4293.0
531,Xiaomi,Xiaomi 14T 512GB,195.0,12,32.0,100.0,5000,6.67,3799,699.0,2799,2024,East Asia (China),0.0,0.0,0.0,512.0,4293.0
532,Xiaomi,Xiaomi 14 Pro 256GB,206.0,12,32.0,150.0,5000,6.73,4799,799.0,3299,2023,East Asia (China),0.0,0.0,0.0,256.0,7304.0
533,Xiaomi,Xiaomi 14 Pro 512GB,206.0,12,32.0,150.0,5000,6.73,5299,899.0,3699,2023,East Asia (China),0.0,0.0,0.0,512.0,7304.0
534,Xiaomi,Xiaomi 14 256GB,189.0,12,32.0,100.0,4610,6.36,3999,699.0,2899,2023,East Asia (China),0.0,0.0,0.0,256.0,7304.0
535,Xiaomi,Xiaomi 14 512GB,189.0,12,32.0,100.0,4610,6.36,4499,799.0,3299,2023,East Asia (China),0.0,0.0,0.0,512.0,7304.0
536,Xiaomi,Redmi Note 14 Pro+ 5G 128GB,205.0,8,16.0,210.0,5110,6.67,2499,374.9,1499,2024,East Asia (China),0.0,0.0,0.0,128.0,3146.0
537,Xiaomi,Redmi Note 14 Pro+ 5G 256GB,205.0,12,16.0,210.0,5110,6.67,2799,399.0,1599,2024,East Asia (China),0.0,0.0,0.0,256.0,3146.0
538,Xiaomi,Redmi Note 14 Pro+ 5G 512GB,205.0,16,16.0,210.0,5110,6.67,3099,429.0,1699,2024,East Asia (China),0.0,0.0,0.0,512.0,3146.0
539,Xiaomi,Redmi Note 14 Pro 5G 128GB,195.0,8,16.0,118.0,5500,6.67,2199,349.0,1399,2024,East Asia (China),0.0,0.0,0.0,128.0,3025.0
540,Xiaomi,Redmi Note 14 Pro 5G 256GB,195.0,12,16.0,118.0,5500,6.67,2499,379.0,1499,2024,East Asia (China),0.0,0.0,0.0,256.0,3025.0
541,Xiaomi,Redmi Note 14 Pro 4G 128GB,190.0,6,16.0,118.0,5000,6.67,1999,299.0,1199,2024,East Asia (China),0.0,0.0,0.0,128.0,1843.0
542,Xiaomi,Redmi Note 14 Pro 4G 256GB,190.0,8,16.0,118.0,5000,6.67,2299,329.0,1299,2024,East Asia (China),0.0,0.0,0.0,256.0,1843.0
543,Xiaomi,Redmi Note 14 5G 128GB,185.0,6,16.0,60.0,5000,6.67,1799,279.0,1099,2024,East Asia (China),0.0,0.0,0.0,128.0,2472.0
544,Xiaomi,Redmi Note 14 5G 256GB,185.0,8,16.0,60.0,5000,6.67,2099,309.0,1199,2024,East Asia (China),0.0,0.0,0.0,256.0,2472.0
545,Xiaomi,Redmi Note 14 4G 128GB,180.0,4,16.0,60.0,5000,6.67,1599,249.0,999,2024,East Asia (China),0.0,0.0,0.0,128.0,1444.0
546,Xiaomi,Redmi Note 14 4G 256GB,180.0,6,16.0,60.0,5000,6.67,1899,279.0,1099,2024,East Asia (China),0.0,0.0,0.0,256.0,1444.0
547,Xiaomi,Redmi 14C 5G 64GB,195.0,4,8.0,52.0,5000,6.5,1299,199.0,799,2024,East Asia (China),0.0,0.0,0.0,64.0,1783.0
548,Xiaomi,Redmi 14C 5G 128GB,195.0,6,8.0,52.0,5000,6.5,1499,229.0,899,2024,East Asia (China),0.0,0.0,0.0,128.0,1783.0
549,Lenovo,Legion Y70 128GB,209.0,8,16.0,50.0,5100,6.67,3299,499.0,1899,2022,East Asia (China),0.0,0.0,0.0,128.0,
550,Lenovo,Legion Y70 256GB,209.0,12,16.0,50.0,5100,6.67,3699,549.0,2099,2022,East Asia (China),0.0,0.0,0.0,256.0,
551,Lenovo,Legion Y70 512GB,209.0,16,16.0,50.0,5100,6.67,4199,599.0,2299,2022,East Asia (China),0.0,0.0,0.0,512.0,
552,Lenovo,K14 Plus 64GB,198.0,4,8.0,48.0,5000,6.5,1299,199.0,749,2022,East Asia (China),0.0,0.0,0.0,64.0,
553,Lenovo,K14 Plus 128GB,198.0,6,8.0,48.0,5000,6.5,1499,229.0,849,2022,East Asia (China),0.0,0.0,0.0,128.0,
554,Lenovo,K13 Pro 128GB,200.0,6,16.0,64.0,5000,6.8,1699,249.0,949,2021,East Asia (China),0.0,0.0,0.0,128.0,1208.0
555,Lenovo,K13 32GB,190.0,2,5.0,13.0,5000,6.52,999,149.0,549,2021,East Asia (China),0.0,0.0,0.0,32.0,725.0
556,Lenovo,K13 Note 64GB,200.0,4,8.0,48.0,5000,6.5,1299,199.0,749,2021,East Asia (China),0.0,0.0,0.0,64.0,992.0
557,Lenovo,K10 Plus 64GB,172.0,4,16.0,13.0,4050,6.22,1199,179.0,699,2019,East Asia (China),0.0,0.0,0.0,64.0,1037.0
558,Lenovo,A6 Note 32GB,172.0,3,5.0,13.0,4000,6.09,999,149.0,549,2019,East Asia (China),0.0,0.0,0.0,32.0,723.0
559,Lenovo,K10 Note 64GB,164.0,4,16.0,16.0,4050,6.3,1499,219.0,799,2019,East Asia (China),0.0,0.0,0.0,64.0,1352.0
560,Lenovo,K10 Note 128GB,164.0,6,16.0,16.0,4050,6.3,1699,249.0,899,2019,East Asia (China),0.0,0.0,0.0,128.0,1352.0
561,Lenovo,Z6 Pro 128GB,185.0,6,32.0,48.0,4000,6.39,2899,429.0,1599,2019,East Asia (China),0.0,0.0,0.0,128.0,2834.0
562,Lenovo,Z6 Pro 256GB,185.0,8,32.0,48.0,4000,6.39,3299,479.0,1799,2019,East Asia (China),0.0,0.0,0.0,256.0,2834.0
563,Lenovo,Z5 Pro 64GB,210.0,6,16.0,16.0,3350,6.39,1998,299.0,1099,2018,East Asia (China),0.0,0.0,0.0,64.0,1352.0
564,Motorola,Edge 50 Fusion 128GB,168.0,8,32.0,50.0,5000,6.7,2499,499.0,1899,2024,Western,0.0,0.0,1.0,128.0,2761.0
565,Motorola,Edge 50 Fusion 256GB,168.0,12,32.0,50.0,5000,6.7,2799,549.0,2099,2024,Western,0.0,0.0,1.0,256.0,2761.0
566,Motorola,Edge 50 Pro 128GB,186.0,8,50.0,50.0,4500,6.7,2999,549.0,2099,2024,Western,0.0,0.0,1.0,128.0,3375.0
567,Motorola,Edge 50 Pro 256GB,186.0,12,50.0,50.0,4500,6.7,3299,599.0,2299,2024,Western,0.0,0.0,1.0,256.0,3375.0
568,Motorola,Razr 128GB,192.0,8,32.0,50.0,3500,,5999,999.0,3699,2023,Western,0.0,0.0,1.0,128.0,
569,Motorola,Razr 256GB,192.0,12,32.0,50.0,3500,,6499,1099.0,3999,2023,Western,0.0,0.0,1.0,256.0,
570,Motorola,G84 5G 128GB,166.0,8,16.0,50.0,5000,6.5,1799,299.0,1099,2023,Western,0.0,0.0,1.0,128.0,2134.0
571,Motorola,G84 5G 256GB,166.0,12,16.0,50.0,5000,6.5,1999,349.0,1299,2023,Western,0.0,0.0,1.0,256.0,2134.0
572,Motorola,Moto G Stylus 64GB,195.0,4,16.0,50.0,5000,6.8,1499,199.0,799,2023,Western,0.0,0.0,1.0,64.0,1355.0
573,Motorola,Moto G Stylus 128GB,195.0,6,16.0,50.0,5000,6.8,1699,249.0,899,2023,Western,0.0,0.0,1.0,128.0,1355.0
574,Motorola,One Vision 3 128GB,180.0,6,25.0,48.0,3500,6.3,1399,299.0,1099,2024,Western,0.0,0.0,1.0,128.0,
575,Motorola,One Vision 3 256GB,180.0,8,25.0,48.0,3500,6.3,1599,349.0,1299,2024,Western,0.0,0.0,1.0,256.0,
576,Motorola,Edge 50 Lite 128GB,170.0,6,32.0,64.0,5000,6.7,2199,399.0,1499,2024,Western,0.0,0.0,1.0,128.0,2134.0
577,Motorola,Edge 50 Lite 256GB,170.0,8,32.0,64.0,5000,6.7,2399,449.0,1699,2024,Western,0.0,0.0,1.0,256.0,2134.0
578,Motorola,Moto E40 Plus 64GB,198.0,4,8.0,48.0,5000,6.5,1299,199.0,749,2023,Western,0.0,0.0,1.0,64.0,
579,Motorola,Moto E40 Plus 128GB,198.0,6,8.0,48.0,5000,6.5,1499,229.0,849,2023,Western,0.0,0.0,1.0,128.0,
580,Motorola,Moto G Power 64GB,206.0,4,16.0,50.0,5000,6.6,1599,249.0,949,2022,Western,0.0,0.0,1.0,64.0,1208.0
581,Motorola,Moto G Power 128GB,206.0,6,16.0,50.0,5000,6.6,1799,279.0,1049,2022,Western,0.0,0.0,1.0,128.0,1208.0
582,Motorola,Moto G Play 32GB,203.0,3,5.0,13.0,5000,6.5,999,149.0,549,2022,Western,0.0,0.0,1.0,32.0,521.0
583,Motorola,Moto G Play 64GB,203.0,4,5.0,13.0,5000,6.5,1199,179.0,649,2022,Western,0.0,0.0,1.0,64.0,521.0
584,Motorola,Moto G75 5G 128GB,205.0,8,16.0,50.0,5000,6.78,2699,320.0,1175,2024,Western,0.0,0.0,1.0,128.0,2910.0
585,Motorola,Moto G75 5G 256GB,205.0,8,16.0,50.0,5000,6.78,2999,370.0,1350,2024,Western,0.0,0.0,1.0,256.0,2910.0
586,Motorola,Moto S50 128GB,190.0,8,32.0,64.0,4500,6.7,2499,300.0,1100,2024,Western,0.0,0.0,1.0,128.0,3624.0
587,Motorola,Moto S50 256GB,190.0,12,32.0,64.0,4500,6.7,2799,350.0,1275,2024,Western,0.0,0.0,1.0,256.0,3624.0
588,Motorola,Edge 50 Neo 256GB,171.0,8,32.0,50.0,4310,6.4,2999,400.0,1500,2024,Western,0.0,0.0,1.0,256.0,3025.0
589,Motorola,Edge 50 Neo 512GB,171.0,12,32.0,50.0,4310,6.4,3299,450.0,1675,2024,Western,0.0,0.0,1.0,512.0,3025.0
590,Motorola,Moto G55 128GB,182.0,8,16.0,50.0,5000,6.49,2199,270.0,1000,2024,Western,0.0,0.0,1.0,128.0,2472.0
591,Motorola,Moto G55 256GB,182.0,8,16.0,50.0,5000,6.49,2499,320.0,1175,2024,Western,0.0,0.0,1.0,256.0,2472.0
592,Motorola,Moto G35 128GB,188.0,4,16.0,50.0,5000,6.72,1599,200.0,750,2024,Western,0.0,0.0,1.0,128.0,2390.0
593,Motorola,Moto G35 256GB,188.0,8,16.0,50.0,5000,6.72,1899,250.0,925,2024,Western,0.0,0.0,1.0,256.0,2390.0
594,Motorola,Moto G45 128GB,183.0,6,16.0,50.0,5000,6.5,1899,250.0,925,2024,Western,0.0,0.0,1.0,128.0,2115.0
595,Motorola,Moto G45 256GB,183.0,8,16.0,50.0,5000,6.5,2199,300.0,1100,2024,Western,0.0,0.0,1.0,256.0,2115.0
596,Motorola,Edge 50 256GB,180.0,8,32.0,50.0,4700,6.7,3299,450.0,1675,2024,Western,0.0,0.0,1.0,256.0,2943.0
597,Motorola,Edge 50 512GB,180.0,12,32.0,50.0,4700,6.7,3599,500.0,1850,2024,Western,0.0,0.0,1.0,512.0,2943.0
598,Motorola,Razr 50 Ultra 512GB,189.0,12,32.0,50.0,4000,,7999,1199.0,4399,2024,Western,0.0,0.0,1.0,512.0,
599,Motorola,Razr 50 256GB,188.0,8,32.0,50.0,3800,,5999,999.0,3699,2024,Western,0.0,0.0,1.0,256.0,2761.0
600,Motorola,Moto G85 128GB,173.0,8,32.0,50.0,5000,6.67,2499,320.0,1175,2024,Western,0.0,0.0,1.0,128.0,2115.0
601,Motorola,Moto G85 256GB,173.0,12,32.0,50.0,5000,6.67,2799,370.0,1350,2024,Western,0.0,0.0,1.0,256.0,2115.0
602,Motorola,S50 Neo 256GB,170.0,8,32.0,50.0,4300,6.5,2199,300.0,1100,2024,Western,0.0,0.0,1.0,256.0,2643.0
603,Motorola,S50 Neo 512GB,170.0,12,32.0,50.0,4300,6.5,2499,350.0,1275,2024,Western,0.0,0.0,1.0,512.0,2643.0
604,Motorola,Moto E14 64GB,180.0,4,8.0,13.0,5000,6.5,999,150.0,550,2024,Western,0.0,0.0,1.0,64.0,1391.0
605,Motorola,Moto E14 128GB,180.0,4,8.0,13.0,5000,6.5,1199,180.0,650,2024,Western,0.0,0.0,1.0,128.0,1391.0
606,Motorola,Edge 256GB,174.0,8,32.0,50.0,4700,6.7,3299,450.0,1675,2024,Western,0.0,0.0,1.0,256.0,2943.0
607,Motorola,Edge 512GB,174.0,12,32.0,50.0,4700,6.7,3599,500.0,1850,2024,Western,0.0,0.0,1.0,512.0,2943.0
608,Motorola,Moto X50 Ultra 512GB,198.0,12,60.0,200.0,5000,6.9,8999,1499.0,5499,2024,Western,0.0,0.0,1.0,512.0,7304.0
609,Motorola,Moto G Stylus 5G 256GB,195.0,6,16.0,50.0,5000,6.8,2199,300.0,1100,2024,Western,0.0,0.0,1.0,256.0,2748.0
610,Motorola,Moto G Stylus 5G 512GB,195.0,8,16.0,50.0,5000,6.8,2499,350.0,1275,2024,Western,0.0,0.0,1.0,512.0,2748.0
611,Motorola,Edge 50 Ultra 512GB,198.0,12,60.0,200.0,5000,6.9,8999,1499.0,5499,2024,Western,0.0,0.0,1.0,512.0,7304.0
612,Motorola,Edge 30 Fusion 128GB,168.0,8,32.0,50.0,4400,6.55,3999,699.0,2599,2022,Western,0.0,0.0,1.0,128.0,3423.0
613,Motorola,Edge 30 Fusion 256GB,168.0,12,32.0,50.0,4400,6.55,4299,749.0,2799,2022,Western,0.0,0.0,1.0,256.0,3423.0
614,Motorola,Edge 30 Neo 128GB,155.0,6,32.0,64.0,4020,6.28,2499,499.0,1799,2022,Western,0.0,0.0,1.0,128.0,2134.0
615,Motorola,Edge 30 Neo 256GB,155.0,8,32.0,64.0,4020,6.28,2799,549.0,1999,2022,Western,0.0,0.0,1.0,256.0,2134.0
616,Motorola,Moto G82 5G 128GB,173.0,6,16.0,50.0,5000,6.6,1999,399.0,1499,2022,Western,0.0,0.0,1.0,128.0,2134.0
617,Motorola,Moto G82 5G 256GB,173.0,8,16.0,50.0,5000,6.6,2299,449.0,1699,2022,Western,0.0,0.0,1.0,256.0,2134.0
618,Motorola,Moto G62 5G 128GB,184.0,4,16.0,50.0,5000,6.5,1599,349.0,1299,2022,Western,0.0,0.0,1.0,128.0,1802.0
619,Motorola,Moto G62 5G 256GB,184.0,6,16.0,50.0,5000,6.5,1899,399.0,1499,2022,Western,0.0,0.0,1.0,256.0,1802.0
620,Motorola,Moto G42 128GB,175.0,4,16.0,50.0,5000,6.4,1399,299.0,1099,2022,Western,0.0,0.0,1.0,128.0,1444.0
621,Motorola,Moto G32 128GB,184.0,4,16.0,50.0,5000,6.5,1299,279.0,999,2022,Western,0.0,0.0,1.0,128.0,1444.0
622,Motorola,Moto E32s 64GB,185.0,3,8.0,16.0,5000,6.5,999,199.0,749,2022,Western,0.0,0.0,1.0,64.0,911.0
623,Motorola,Moto E22i 32GB,169.0,2,5.0,16.0,4020,6.5,899,179.0,699,2022,Western,0.0,0.0,1.0,32.0,911.0
624,Motorola,Moto E22 64GB,169.0,4,5.0,16.0,4020,6.5,999,199.0,749,2022,Western,0.0,0.0,1.0,64.0,911.0
625,Motorola,Moto G22 64GB,185.0,4,16.0,50.0,5000,6.5,1199,249.0,899,2022,Western,0.0,0.0,1.0,64.0,911.0
626,Huawei,P50,181.0,8,13.0,50.0,4100,6.5,4488,699.0,2599,2021,East Asia (China),0.0,0.0,0.0,,3423.0
627,Huawei,P50 Pro,195.0,8,13.0,50.0,4360,6.6,5988,899.0,3299,2021,East Asia (China),0.0,0.0,0.0,,3423.0
628,Huawei,P50 Pocket,190.0,8,7.0,40.0,4000,6.9,8988,1299.0,4799,2021,East Asia (China),0.0,0.0,0.0,,3423.0
629,Huawei,Mate 40E,188.0,8,13.0,64.0,4200,6.5,4599,799.0,2999,2021,East Asia (China),0.0,0.0,0.0,,
630,Huawei,Mate X2,295.0,8,16.0,50.0,4500,8.0,17999,2699.0,9999,2021,East Asia (China),0.0,0.0,0.0,,3507.0
631,Huawei,Nova 9,175.0,8,32.0,50.0,4300,6.57,2699,499.0,1899,2021,East Asia (China),0.0,0.0,0.0,,2841.0
632,Huawei,Nova 9 Pro,186.0,8,32.0,50.0,4000,6.72,3499,599.0,2199,2021,East Asia (China),0.0,0.0,0.0,,2841.0
633,Huawei,P50E,181.0,8,13.0,50.0,4100,6.5,4088,649.0,2399,2022,East Asia (China),0.0,0.0,0.0,,2841.0
634,Huawei,Mate Xs 2,255.0,8,7.0,50.0,4600,7.8,14999,2499.0,8999,2022,East Asia (China),0.0,0.0,0.0,,3423.0
635,Huawei,Mate 50,202.0,8,13.0,50.0,4460,6.7,6299,999.0,3699,2022,East Asia (China),0.0,0.0,0.0,,
636,Huawei,Mate 50 Pro,205.0,8,13.0,50.0,4700,6.74,7299,1199.0,4399,2022,East Asia (China),0.0,0.0,0.0,,
637,Huawei,Nova 10,168.0,8,60.0,50.0,4000,6.67,2699,499.0,1899,2022,East Asia (China),0.0,0.0,0.0,,2841.0
638,Huawei,Nova 10 Pro,191.0,8,60.0,50.0,4500,6.78,3499,599.0,2199,2022,East Asia (China),0.0,0.0,0.0,,2841.0
639,Huawei,Nova 10 SE,184.0,8,16.0,108.0,4500,6.67,2299,399.0,1499,2022,East Asia (China),0.0,0.0,0.0,,1444.0
640,Huawei,P60,197.0,8,13.0,109.0,4815,6.67,6988,999.0,3699,2023,East Asia (China),0.0,0.0,0.0,,
641,Huawei,P60 Pro,200.0,8,13.0,109.0,4815,6.67,7988,1099.0,4199,2023,East Asia (China),0.0,0.0,0.0,,
642,Huawei,P60 Art,206.0,8,13.0,136.0,5100,6.73,8988,1299.0,4799,2023,East Asia (China),0.0,0.0,0.0,,
643,Huawei,Mate X3,239.0,12,8.0,75.0,4800,7.85,13999,2499.0,9999,2023,East Asia (China),0.0,0.0,0.0,,
644,Huawei,Mate 60,209.0,12,13.0,74.0,4750,6.7,6999,1099.0,4099,2023,East Asia (China),0.0,0.0,0.0,,4116.0
645,Huawei,Mate 60 Pro,225.0,12,13.0,138.0,5000,6.82,7999,1299.0,4699,2023,East Asia (China),0.0,0.0,0.0,,4116.0
646,Huawei,Mate 60 Pro+,235.0,12,13.0,146.0,5200,6.82,8999,1499.0,5199,2023,East Asia (China),0.0,0.0,0.0,,4116.0
647,Huawei,Nova 11,168.0,8,60.0,58.0,4500,6.7,2999,499.0,1899,2023,East Asia (China),0.0,0.0,0.0,,2841.0
648,Huawei,Nova 11 Pro,188.0,8,68.0,58.0,4500,6.78,3499,599.0,2199,2023,East Asia (China),0.0,0.0,0.0,,2841.0
649,Huawei,Nova 11 Ultra,188.0,12,68.0,58.0,4500,6.78,3999,699.0,2499,2023,East Asia (China),0.0,0.0,0.0,,2841.0
650,Huawei,Pura 70,220.0,12,13.0,75.0,4900,6.8,6988,999.0,3699,2024,East Asia (China),0.0,0.0,0.0,,4323.0
651,Huawei,Pura 70 Pro,220.0,12,13.0,103.0,5050,6.8,7988,1099.0,4199,2024,East Asia (China),0.0,0.0,0.0,,4323.0
652,Huawei,Pura 70 Pro+,220.0,12,13.0,103.0,5050,6.8,8988,1199.0,4699,2024,East Asia (China),0.0,0.0,0.0,,4323.0
653,Huawei,Pura 70 Ultra,226.0,16,13.0,140.0,5200,6.8,9988,1299.0,5199,2024,East Asia (China),0.0,0.0,0.0,,4323.0
654,Huawei,Mate 70,220.0,12,13.0,62.0,4900,6.7,5499,899.0,3399,2024,East Asia (China),0.0,0.0,0.0,,4323.0
655,Huawei,Mate 70 Pro,220.0,12,13.0,102.0,5000,6.8,6499,999.0,3899,2024,East Asia (China),0.0,0.0,0.0,,4323.0
656,Huawei,Mate 70 Pro+,220.0,12,13.0,102.0,5000,6.8,7499,1099.0,4399,2024,East Asia (China),0.0,0.0,0.0,,4323.0
657,Huawei,Mate X6,241.0,12,8.0,75.0,4800,7.93,12999,2499.0,9999,2024,East Asia (China),0.0,0.0,0.0,,4323.0
658,Huawei,Nova 12,168.0,8,60.0,58.0,4500,6.7,2999,499.0,1899,2024,East Asia (China),0.0,0.0,0.0,,4116.0
659,Huawei,Nova 12 Pro,188.0,8,68.0,58.0,4500,6.78,3499,599.0,2199,2024,East Asia (China),0.0,0.0,0.0,,4116.0
660,Huawei,Mate XT 256GB,245.0,12,13.0,110.0,5000,7.92,13499,2599.0,10499,2024,East Asia (China),0.0,0.0,0.0,256.0,4323.0
661,Huawei,Mate XT 512GB,245.0,12,13.0,110.0,5000,7.92,14499,2799.0,11099,2024,East Asia (China),0.0,0.0,0.0,512.0,4323.0
662,Huawei,Nova 13 256GB,170.0,8,50.0,58.0,4600,6.7,3199,529.0,1999,2024,East Asia (China),0.0,0.0,0.0,256.0,4116.0
663,Huawei,Nova 13 512GB,170.0,8,50.0,58.0,4600,6.7,3699,599.0,2299,2024,East Asia (China),0.0,0.0,0.0,512.0,4116.0
664,Huawei,Nova 13 Pro 256GB,190.0,8,68.0,58.0,4600,6.78,3999,649.0,2399,2024,East Asia (China),0.0,0.0,0.0,256.0,4116.0
665,Huawei,Nova 13 Pro 512GB,190.0,8,68.0,58.0,4600,6.78,4499,729.0,2699,2024,East Asia (China),0.0,0.0,0.0,512.0,4116.0
666,Nokia,G42 5G 128GB,193.0,4,8.0,50.0,5000,6.56,1499,229.0,849,2023,Western,0.0,0.0,1.0,128.0,1802.0
667,Nokia,G20 64GB,197.0,4,8.0,48.0,5050,6.52,999,169.0,629,2021,Western,0.0,0.0,1.0,64.0,
668,Nokia,G20 128GB,197.0,4,8.0,48.0,5050,6.52,1199,189.0,699,2021,Western,0.0,0.0,1.0,128.0,
669,Nokia,C32 64GB,199.0,3,8.0,50.0,5000,6.52,899,139.0,499,2023,Western,0.0,0.0,1.0,64.0,725.0
670,Nokia,C32 128GB,199.0,4,8.0,50.0,5000,6.52,999,159.0,549,2023,Western,0.0,0.0,1.0,128.0,725.0
671,Nokia,G21 64GB,190.0,4,8.0,50.0,5050,6.5,1099,169.0,619,2022,Western,0.0,0.0,1.0,64.0,1391.0
672,Nokia,G21 128GB,190.0,6,8.0,50.0,5050,6.5,1299,189.0,699,2022,Western,0.0,0.0,1.0,128.0,1391.0
673,Nokia,C22 64GB,190.0,2,8.0,13.0,5000,6.5,799,119.0,449,2023,Western,0.0,0.0,1.0,64.0,725.0
674,Nokia,C22 128GB,190.0,3,8.0,13.0,5000,6.5,899,139.0,499,2023,Western,0.0,0.0,1.0,128.0,725.0
675,Nokia,G400 128GB,198.0,6,16.0,48.0,5000,6.58,1799,239.0,899,2022,Western,0.0,0.0,1.0,128.0,1802.0
676,Sony,Xperia 1 IV 256GB,185.0,12,12.0,12.0,5000,6.5,7299,1599.0,5799,2022,East Asia (Other),1.0,0.0,0.0,256.0,4002.0
677,Sony,Xperia 5 IV 128GB,172.0,8,12.0,12.0,5000,6.1,5999,999.0,3799,2022,East Asia (Other),1.0,0.0,0.0,128.0,4002.0
678,Sony,Xperia 10 IV 128GB,161.0,6,8.0,12.0,5000,6.0,3299,499.0,1799,2022,East Asia (Other),1.0,0.0,0.0,128.0,2134.0
679,Sony,Xperia 1 V 256GB,187.0,12,12.0,48.0,5000,6.5,7999,1699.0,5999,2023,East Asia (Other),1.0,0.0,0.0,256.0,5299.0
680,Sony,Xperia 5 V 128GB,178.0,8,12.0,48.0,5000,6.1,6299,1099.0,4099,2023,East Asia (Other),1.0,0.0,0.0,128.0,5299.0
681,Sony,Xperia 10 V 128GB,164.0,6,8.0,48.0,5000,6.1,3699,599.0,1999,2023,East Asia (Other),1.0,0.0,0.0,128.0,2134.0
682,Sony,Xperia 1 VI 256GB,190.0,12,12.0,48.0,5000,6.5,8499,1799.0,6199,2024,East Asia (Other),1.0,0.0,0.0,256.0,7304.0
683,Sony,Xperia 5 VI 128GB,180.0,8,12.0,48.0,5000,6.1,6599,1199.0,4399,2024,East Asia (Other),1.0,0.0,0.0,128.0,7304.0
684,Sony,Xperia 10 VI 128GB,167.0,6,8.0,48.0,5000,6.1,3999,699.0,2199,2024,East Asia (Other),1.0,0.0,0.0,128.0,2761.0
688,Google,Pixel 3a 64GB,147.0,4,8.0,2.0,3000,5.6,2899,399.0,1599,2019,Western,0.0,0.0,1.0,64.0,1239.0
689,Google,Pixel 3a XL 64GB,167.0,4,8.0,2.0,3700,6.0,3299,479.0,1799,2019,Western,0.0,0.0,1.0,64.0,1239.0
690,Google,Pixel 4 64GB,162.0,6,8.0,2.0,2800,5.7,4799,799.0,3199,2019,Western,0.0,0.0,1.0,64.0,2834.0
691,Google,Pixel 4 XL 64GB,193.0,6,8.0,2.0,3700,6.3,5499,899.0,3599,2019,Western,0.0,0.0,1.0,64.0,2834.0
692,Google,Pixel 4a 128GB,143.0,6,8.0,2.0,3140,5.8,2999,349.0,1399,2020,Western,0.0,0.0,1.0,128.0,1809.0
693,Google,Pixel 4a 5G 128GB,168.0,6,8.0,2.0,3885,6.2,3799,499.0,1999,2020,Western,0.0,0.0,1.0,128.0,1844.0
694,Google,Pixel 5 128GB,151.0,8,8.0,2.0,4080,6.0,4599,699.0,2799,2020,Western,0.0,0.0,1.0,128.0,1844.0
695,Google,Pixel 5a 128GB,183.0,6,8.0,2.0,4680,6.34,3999,449.0,1799,2021,Western,0.0,0.0,1.0,128.0,1844.0
696,Google,Pixel 6 128GB,207.0,8,8.0,50.0,4614,6.4,5999,699.0,2999,2021,Western,0.0,0.0,1.0,128.0,3208.0
697,Google,Pixel 6 Pro 256GB,210.0,12,1.0,50.0,5003,6.71,7199,899.0,3499,2021,Western,0.0,0.0,1.0,256.0,3208.0
698,Google,Pixel 6a 128GB,178.0,6,8.0,2.0,4410,6.1,4299,449.0,1999,2022,Western,0.0,0.0,1.0,128.0,3208.0
699,Google,Pixel 7 128GB,197.0,8,8.0,50.0,4355,6.3,6199,599.0,2399,2022,Western,0.0,0.0,1.0,128.0,3802.0
700,Google,Pixel 7 Pro 256GB,212.0,12,8.0,50.0,5000,6.7,7999,899.0,3599,2022,Western,0.0,0.0,1.0,256.0,3802.0
701,Google,Pixel 7a 128GB,193.0,8,8.0,64.0,4385,6.1,4599,499.0,2199,2023,Western,0.0,0.0,1.0,128.0,3802.0
702,Google,Pixel 8 128GB,187.0,8,5.0,50.0,4575,6.2,6399,699.0,2799,2023,Western,0.0,0.0,1.0,128.0,4442.0
703,Google,Pixel 8 Pro 256GB,213.0,12,5.0,50.0,5050,6.7,8499,999.0,3999,2023,Western,0.0,0.0,1.0,256.0,4442.0
704,Google,Pixel 8a 128GB,194.0,8,5.0,64.0,4385,6.1,4999,549.0,2399,2024,Western,0.0,0.0,1.0,128.0,4442.0
705,Google,Pixel 9 128GB,195.0,8,8.0,50.0,4600,6.3,6599,799.0,3199,2024,Western,0.0,0.0,1.0,128.0,4835.0
706,Google,Pixel 9 Pro 256GB,216.0,12,8.0,50.0,5050,6.7,8799,1099.0,4199,2024,Western,0.0,0.0,1.0,256.0,4835.0
707,Google,Pixel 9 Pro XL 512GB,222.0,16,8.0,50.0,5250,6.8,9799,1299.0,4999,2024,Western,0.0,0.0,1.0,512.0,4835.0
708,Google,Pixel 9 Pro Fold 512GB,250.0,16,8.0,50.0,5500,7.6,13999,1799.0,6999,2024,Western,0.0,0.0,1.0,512.0,4835.0
709,Tecno,Spark Go 1S 64GB,190.0,4,8.0,13.0,5000,6.6,799,129.0,499,2024,East Asia (China),0.0,0.0,0.0,64.0,1145.0
711,Tecno,Pop 9 4G 64GB,195.0,3,5.0,8.0,5000,6.52,599,99.0,399,2024,East Asia (China),0.0,0.0,0.0,64.0,725.0
713,Tecno,Camon 30S 256GB,198.0,8,32.0,50.0,5200,6.8,3199,499.0,1999,2024,East Asia (China),0.0,0.0,0.0,256.0,1940.0
714,Tecno,Spark 30C 5G 128GB,200.0,6,16.0,50.0,5000,6.6,1199,199.0,749,2024,East Asia (China),0.0,0.0,0.0,128.0,
715,Tecno,Spark 30 5G 128GB,195.0,6,16.0,50.0,5000,6.6,1399,229.0,849,2024,East Asia (China),0.0,0.0,0.0,128.0,1924.0
716,Tecno,Pop 9 64GB,190.0,3,5.0,8.0,5000,6.52,549,89.0,349,2024,East Asia (China),0.0,0.0,0.0,64.0,
717,Tecno,Spark 30 Pro 256GB,205.0,8,32.0,50.0,5200,6.8,1799,269.0,999,2024,East Asia (China),0.0,0.0,0.0,256.0,1979.0
718,Tecno,Spark 30 128GB,192.0,4,16.0,50.0,5000,6.6,1099,179.0,699,2024,East Asia (China),0.0,0.0,0.0,128.0,1332.0
719,Tecno,Phantom V Fold2 512GB,280.0,12,32.0,64.0,5500,7.85,12999,1799.0,6999,2024,East Asia (China),0.0,0.0,0.0,512.0,5281.0
720,Tecno,Phantom V Flip2 256GB,195.0,8,32.0,50.0,4300,6.9,5999,999.0,3999,2024,East Asia (China),0.0,0.0,0.0,256.0,3359.0
721,Tecno,Pova 6 Neo 5G 256GB,225.0,8,16.0,50.0,6000,6.8,2499,349.0,1299,2024,East Asia (China),0.0,0.0,0.0,256.0,1940.0
722,Tecno,Spark 30C 128GB,190.0,4,16.0,50.0,5000,6.6,999,149.0,599,2024,East Asia (China),0.0,0.0,0.0,128.0,1332.0
723,Tecno,Spark Go 1 64GB,195.0,3,5.0,8.0,5000,6.52,599,99.0,399,2024,East Asia (China),0.0,0.0,0.0,64.0,725.0
724,Tecno,Camon 30S Pro 512GB,202.0,12,50.0,108.0,5200,6.9,6999,1099.0,4199,2024,East Asia (China),0.0,0.0,0.0,512.0,5281.0
725,Tecno,Spark 20P 128GB,195.0,4,16.0,50.0,5000,6.6,1199,179.0,699,2024,East Asia (China),0.0,0.0,0.0,128.0,1332.0
726,Tecno,Spark 20 Pro 5G 256GB,210.0,8,32.0,50.0,5200,6.8,2299,329.0,1199,2024,East Asia (China),0.0,0.0,0.0,256.0,1940.0
727,Tecno,Pova 6 Neo 256GB,230.0,8,16.0,50.0,6000,6.8,1899,299.0,1099,2024,East Asia (China),0.0,0.0,0.0,256.0,1979.0
728,Tecno,Camon 30 Premier 512GB,210.0,12,50.0,108.0,5200,6.9,7499,1199.0,4499,2024,East Asia (China),0.0,0.0,0.0,512.0,5281.0
729,Tecno,Camon 30 Pro 512GB,205.0,12,50.0,64.0,5200,6.8,5499,899.0,3299,2024,East Asia (China),0.0,0.0,0.0,512.0,3891.0
730,Tecno,Camon 30 5G 256GB,198.0,8,32.0,50.0,5000,6.7,3199,499.0,1999,2024,East Asia (China),0.0,0.0,0.0,256.0,1940.0
731,Tecno,Camon 30 128GB,195.0,6,32.0,50.0,5000,6.7,2499,349.0,1299,2024,East Asia (China),0.0,0.0,0.0,128.0,1979.0
732,Tecno,Pova 6 Pro 512GB,230.0,12,32.0,64.0,6000,6.9,6999,1099.0,4199,2024,East Asia (China),0.0,0.0,0.0,512.0,3624.0
733,Tecno,Spark 20 Pro+ 256GB,210.0,8,32.0,50.0,5200,6.8,1799,269.0,999,2024,East Asia (China),0.0,0.0,0.0,256.0,1979.0
734,Tecno,Spark 20 Pro 128GB,195.0,6,16.0,50.0,5000,6.6,1199,199.0,749,2024,East Asia (China),0.0,0.0,0.0,128.0,1332.0
735,Tecno,Spark 20 128GB,192.0,4,16.0,50.0,5000,6.6,1099,179.0,699,2024,East Asia (China),0.0,0.0,0.0,128.0,1332.0
736,Tecno,Spark 20C 128GB,190.0,4,16.0,50.0,5000,6.6,999,149.0,599,2024,East Asia (China),0.0,0.0,0.0,128.0,1332.0
737,Tecno,Spark Go 2024 64GB,195.0,3,5.0,8.0,5000,6.52,599,99.0,399,2024,East Asia (China),0.0,0.0,0.0,64.0,725.0
738,Tecno,Pop 8 64GB,195.0,3,5.0,8.0,5000,6.52,549,89.0,349,2024,East Asia (China),0.0,0.0,0.0,64.0,
739,Tecno,Camon 20s Pro 5G 512GB,202.0,12,50.0,108.0,5200,6.9,6999,1099.0,4199,2024,East Asia (China),0.0,0.0,0.0,512.0,5281.0
740,Tecno,Camon 20s Pro 256GB,202.0,12,50.0,108.0,5200,6.9,4999,899.0,3499,2024,East Asia (China),0.0,0.0,0.0,256.0,1940.0
741,Tecno,Camon 20s 256GB,200.0,8,32.0,50.0,5000,6.7,2799,449.0,1799,2024,East Asia (China),0.0,0.0,0.0,256.0,1979.0
742,Tecno,Camon 20 Premier 512GB,205.0,12,50.0,108.0,5200,6.8,6499,1049.0,3999,2024,East Asia (China),0.0,0.0,0.0,512.0,3891.0
743,Tecno,Camon 20 Pro 5G 256GB,200.0,8,32.0,50.0,5000,6.7,3199,499.0,1999,2024,East Asia (China),0.0,0.0,0.0,256.0,1940.0
744,Tecno,Camon 20 Pro 128GB,198.0,6,32.0,50.0,5000,6.7,2499,349.0,1299,2024,East Asia (China),0.0,0.0,0.0,128.0,1979.0
745,Tecno,Camon 20 128GB,195.0,6,32.0,50.0,5000,6.7,2499,349.0,1299,2024,East Asia (China),0.0,0.0,0.0,128.0,1979.0
746,Tecno,Pova 5G 512GB,240.0,8,32.0,50.0,6000,6.9,4499,699.0,2799,2024,East Asia (China),0.0,0.0,0.0,512.0,2239.0
747,Tecno,Pova 5 256GB,230.0,8,16.0,50.0,6000,6.8,2299,329.0,1199,2024,East Asia (China),0.0,0.0,0.0,256.0,1979.0
752,Infinix,Hot 50,192.0,6,8.0,50.0,5000,6.78,1399,219.0,799,2024,East Asia (China),0.0,0.0,0.0,,1332.0
753,Infinix,Hot 50i,190.0,4,8.0,50.0,5000,6.6,1199,179.0,699,2024,East Asia (China),0.0,0.0,0.0,,1391.0
754,Infinix,Hot 50 5G,195.0,8,16.0,50.0,5200,6.78,1799,289.0,1049,2024,East Asia (China),0.0,0.0,0.0,,1940.0
755,Infinix,Hot 50 Pro,194.0,8,16.0,50.0,5000,6.8,1699,269.0,999,2024,East Asia (China),0.0,0.0,0.0,,1979.0
756,Infinix,Hot 50 Pro+,196.0,12,32.0,108.0,5300,6.9,2499,379.0,1399,2024,East Asia (China),0.0,0.0,0.0,,5281.0
757,Infinix,GT 20 Pro,198.0,12,32.0,108.0,5500,6.9,2999,449.0,1699,2024,East Asia (China),0.0,0.0,0.0,,3891.0
758,Infinix,Note 40X 5G,198.0,8,32.0,108.0,5200,6.8,2299,349.0,1299,2024,East Asia (China),0.0,0.0,0.0,,2643.0
759,Infinix,Note 40S,196.0,8,32.0,50.0,5000,6.78,1799,279.0,999,2024,East Asia (China),0.0,0.0,0.0,,1979.0
760,Infinix,Note 40 5G,195.0,8,32.0,108.0,5200,6.8,1999,319.0,1099,2024,East Asia (China),0.0,0.0,0.0,,3624.0
761,Infinix,Note 40 Pro 5G,195.0,12,32.0,108.0,5300,6.8,2499,399.0,1499,2024,East Asia (China),0.0,0.0,0.0,,4169.0
762,Infinix,Note 40 Racing Edition,196.0,12,32.0,108.0,5500,6.9,2999,449.0,1699,2024,East Asia (China),0.0,0.0,0.0,,5281.0
763,Infinix,Hot 40,196.0,8,32.0,50.0,5000,6.78,1199,199.0,749,2023,East Asia (China),0.0,0.0,0.0,,1355.0
764,Infinix,Hot 40i,195.0,4,8.0,13.0,5000,6.6,999,159.0,599,2023,East Asia (China),0.0,0.0,0.0,,1391.0
765,Infinix,Hot 40 Pro,195.0,8,32.0,108.0,5000,6.78,1399,229.0,849,2023,East Asia (China),0.0,0.0,0.0,,1979.0
766,Infinix,Zero 40,195.0,12,50.0,108.0,5000,6.78,2199,349.0,1299,2024,East Asia (China),0.0,0.0,0.0,,3891.0
767,Infinix,Zero 40 5G,195.0,12,50.0,108.0,5000,6.78,2299,379.0,1399,2024,East Asia (China),0.0,0.0,0.0,,3891.0
768,Infinix,Zero Flip,190.0,8,32.0,108.0,4500,6.7,2499,399.0,1499,2024,East Asia (China),0.0,0.0,0.0,,2841.0
769,Infinix,Note 40,190.0,8,32.0,108.0,5000,6.78,1799,279.0,999,2024,East Asia (China),0.0,0.0,0.0,,1979.0
770,Infinix,Note 40 Pro,190.0,12,32.0,108.0,5000,6.78,2199,329.0,1199,2024,East Asia (China),0.0,0.0,0.0,,3624.0
771,Infinix,Hot 30 128GB,196.0,8,8.0,50.0,5000,6.78,1199,199.0,749,2023,East Asia (China),0.0,0.0,0.0,128.0,1355.0
772,Infinix,Hot 30i 128GB,191.0,4,8.0,13.0,5000,6.6,999,159.0,599,2023,East Asia (China),0.0,0.0,0.0,128.0,1391.0
773,Infinix,Hot 30i NFC 128GB,191.0,4,8.0,13.0,5000,6.6,999,159.0,599,2023,East Asia (China),0.0,0.0,0.0,128.0,1391.0
774,Infinix,Hot 30 Play 128GB,205.0,4,8.0,16.0,6000,6.82,1099,179.0,649,2023,East Asia (China),0.0,0.0,0.0,128.0,911.0
775,Infinix,Hot 30 5G 128GB,202.0,8,8.0,50.0,5000,6.78,1499,239.0,899,2023,East Asia (China),0.0,0.0,0.0,128.0,1940.0
776,Infinix,Zero 30 256GB,185.0,8,50.0,108.0,5000,6.78,2199,349.0,1299,2023,East Asia (China),0.0,0.0,0.0,256.0,3681.0
777,Infinix,Zero 30 5G 256GB,185.0,12,50.0,108.0,5000,6.78,2299,379.0,1399,2023,East Asia (China),0.0,0.0,0.0,256.0,3681.0
778,Infinix,GT 10 Pro 256GB,187.0,8,32.0,108.0,5000,6.67,2599,399.0,1499,2023,East Asia (China),0.0,0.0,0.0,256.0,3359.0
779,Infinix,Hot 12 128GB,195.0,6,8.0,13.0,5000,6.82,1099,179.0,649,2022,East Asia (China),0.0,0.0,0.0,128.0,1332.0
780,Infinix,Hot 12 Play 128GB,209.0,4,8.0,13.0,6000,6.82,999,159.0,599,2022,East Asia (China),0.0,0.0,0.0,128.0,
781,Infinix,Hot 12 Pro 128GB,191.0,8,8.0,50.0,5000,6.6,1199,199.0,749,2022,East Asia (China),0.0,0.0,0.0,128.0,
782,Infinix,Hot 12i 64GB,190.0,4,8.0,13.0,5000,6.6,899,139.0,499,2022,East Asia (China),0.0,0.0,0.0,64.0,1145.0
783,Infinix,Hot 20 128GB,198.0,6,8.0,50.0,5000,6.82,1199,199.0,749,2022,East Asia (China),0.0,0.0,0.0,128.0,1332.0
784,Infinix,Hot 20 Play 128GB,209.0,4,8.0,13.0,6000,6.82,999,159.0,599,2022,East Asia (China),0.0,0.0,0.0,128.0,911.0
785,Infinix,Hot 20s 128GB,202.0,8,8.0,50.0,5000,6.78,1399,219.0,799,2022,East Asia (China),0.0,0.0,0.0,128.0,1855.0
786,Infinix,Hot 20 5G 128GB,204.0,6,8.0,50.0,5000,6.6,1499,239.0,899,2022,East Asia (China),0.0,0.0,0.0,128.0,1940.0
787,Infinix,Hot 20i 64GB,195.0,4,8.0,13.0,5000,6.6,899,139.0,499,2022,East Asia (China),0.0,0.0,0.0,64.0,521.0
788,Infinix,Hot 10T 128GB,205.0,4,8.0,48.0,5000,6.82,999,149.0,549,2021,East Asia (China),0.0,0.0,0.0,128.0,1345.0
789,Infinix,Hot 10S 128GB,211.0,6,8.0,48.0,6000,6.82,1099,169.0,599,2021,East Asia (China),0.0,0.0,0.0,128.0,1332.0
790,Infinix,Hot 10S NFC 128GB,211.0,6,8.0,48.0,6000,6.82,1199,179.0,649,2021,East Asia (China),0.0,0.0,0.0,128.0,1332.0
791,Infinix,Hot 10 Lite 64GB,195.0,3,8.0,13.0,5000,6.6,699,109.0,399,2020,East Asia (China),0.0,0.0,0.0,64.0,
792,Infinix,Hot 10 Play 64GB,207.0,4,8.0,13.0,6000,6.82,899,139.0,499,2021,East Asia (China),0.0,0.0,0.0,64.0,521.0
793,Infinix,Hot 11 128GB,201.0,4,8.0,13.0,5200,6.6,999,159.0,599,2021,East Asia (China),0.0,0.0,0.0,128.0,1345.0
794,Infinix,Hot 11 Play 128GB,209.0,4,8.0,13.0,6000,6.82,1099,169.0,649,2021,East Asia (China),0.0,0.0,0.0,128.0,810.0
795,Infinix,Hot 11s 128GB,205.0,6,8.0,50.0,5000,6.78,1299,189.0,699,2021,East Asia (China),0.0,0.0,0.0,128.0,1355.0
796,Infinix,Smart HD 32GB,195.0,2,5.0,8.0,5000,6.1,499,79.0,299,2020,East Asia (China),0.0,0.0,0.0,32.0,
797,Infinix,Note 8i 128GB,210.0,6,8.0,48.0,5200,6.78,1199,199.0,749,2020,East Asia (China),0.0,0.0,0.0,128.0,1354.0
798,Infinix,Hot 10 Lite 64GB,195.0,3,8.0,13.0,5000,6.6,699,109.0,399,2020,East Asia (China),0.0,0.0,0.0,64.0,
799,Infinix,Note 8 128GB,210.0,6,16.0,64.0,5200,6.95,1499,229.0,899,2020,East Asia (China),0.0,0.0,0.0,128.0,1354.0
800,Infinix,Zero 8i 128GB,210.0,8,16.0,48.0,4500,6.85,1599,249.0,999,2020,East Asia (China),0.0,0.0,0.0,128.0,1835.0
801,Infinix,Hot 10 128GB,204.0,4,8.0,16.0,5200,6.78,999,159.0,599,2020,East Asia (China),0.0,0.0,0.0,128.0,1345.0
802,Infinix,Zero 8 128GB,205.0,8,48.0,64.0,4500,6.85,1799,279.0,1099,2020,East Asia (China),0.0,0.0,0.0,128.0,1835.0
803,Infinix,Smart 5 64GB,195.0,3,8.0,13.0,5000,6.6,599,99.0,349,2020,East Asia (China),0.0,0.0,0.0,64.0,
804,Honor,9X Lite,175.0,4,8.0,48.0,3750,6.5,1499,219.0,799,2020,East Asia (China),0.0,0.0,0.0,,1244.0
805,Honor,30,185.0,8,32.0,40.0,4000,6.53,2999,449.0,1599,2020,East Asia (China),0.0,0.0,0.0,,
806,Honor,30 Pro,190.0,8,32.0,50.0,4000,6.57,3999,599.0,2199,2020,East Asia (China),0.0,0.0,0.0,,
807,Honor,30 Pro+,192.0,12,32.0,50.0,4000,6.57,4499,699.0,2599,2020,East Asia (China),0.0,0.0,0.0,,
808,Honor,30S,190.0,6,16.0,64.0,4000,6.5,2299,349.0,1299,2020,East Asia (China),0.0,0.0,0.0,,1972.0
809,Honor,X10,203.0,6,16.0,40.0,4300,6.63,2099,319.0,1149,2020,East Asia (China),0.0,0.0,0.0,,1972.0
810,Honor,X10 Max,227.0,8,8.0,48.0,5000,7.09,2499,379.0,1399,2020,East Asia (China),0.0,0.0,0.0,,2255.0
811,Honor,Play 4,213.0,6,16.0,64.0,4300,6.81,2299,349.0,1249,2020,East Asia (China),0.0,0.0,0.0,,2255.0
812,Honor,Play 4 Pro,213.0,8,32.0,40.0,4200,6.57,3499,549.0,1999,2020,East Asia (China),0.0,0.0,0.0,,
813,Honor,10X Lite,206.0,4,8.0,48.0,5000,6.67,1499,229.0,849,2020,East Asia (China),0.0,0.0,0.0,,1193.0
814,Honor,V40,189.0,8,16.0,50.0,4000,6.72,3999,599.0,2199,2021,East Asia (China),0.0,0.0,0.0,,
815,Honor,50,175.0,8,32.0,108.0,4300,6.57,2699,549.0,2049,2021,East Asia (China),0.0,0.0,0.0,,2841.0
816,Honor,50 Pro,187.0,8,32.0,108.0,4000,6.72,3699,649.0,2499,2021,East Asia (China),0.0,0.0,0.0,,2841.0
817,Honor,50 SE,191.0,8,16.0,108.0,4000,6.78,2399,449.0,1699,2021,East Asia (China),0.0,0.0,0.0,,2239.0
818,Honor,X20,192.0,6,16.0,64.0,4300,6.67,2299,379.0,1399,2021,East Asia (China),0.0,0.0,0.0,,2239.0
819,Honor,X20 SE,179.0,6,16.0,64.0,4000,6.6,1799,299.0,1199,2021,East Asia (China),0.0,0.0,0.0,,1783.0
820,Honor,Play 5,179.0,8,16.0,64.0,3800,6.53,2099,319.0,1149,2021,East Asia (China),0.0,0.0,0.0,,2255.0
821,Honor,Play 5T,191.0,6,8.0,13.0,5000,6.5,1499,219.0,799,2021,East Asia (China),0.0,0.0,0.0,,
822,Honor,Magic3,202.0,8,13.0,50.0,4600,6.76,4599,899.0,3299,2021,East Asia (China),0.0,0.0,0.0,,3423.0
823,Honor,Magic3 Pro,213.0,8,13.0,50.0,4600,6.76,5499,1099.0,3999,2021,East Asia (China),0.0,0.0,0.0,,3423.0
824,Honor,Magic3 Pro+,236.0,12,13.0,50.0,4600,6.76,6499,1299.0,4599,2021,East Asia (China),0.0,0.0,0.0,,3423.0
825,Honor,60,179.0,8,32.0,108.0,4800,6.67,2699,549.0,2049,2021,East Asia (China),0.0,0.0,0.0,,2841.0
826,Honor,60 Pro,192.0,8,50.0,108.0,4800,6.78,3699,649.0,2599,2021,East Asia (China),0.0,0.0,0.0,,2841.0
827,Honor,60 SE,191.0,8,16.0,64.0,4300,6.67,2399,449.0,1699,2021,East Asia (China),0.0,0.0,0.0,,2239.0
828,Honor,X30,189.0,6,16.0,48.0,4800,6.81,2099,379.0,1299,2021,East Asia (China),0.0,0.0,0.0,,2134.0
829,Honor,X30i,175.0,6,16.0,48.0,4000,6.7,1799,299.0,1099,2021,East Asia (China),0.0,0.0,0.0,,1940.0
830,Honor,X30 Max,228.0,8,8.0,64.0,5000,7.09,2399,499.0,1899,2021,East Asia (China),0.0,0.0,0.0,,2239.0
831,Honor,Play 6,190.0,6,5.0,13.0,5000,6.52,1199,179.0,699,2022,East Asia (China),0.0,0.0,0.0,,521.0
832,Honor,Play 6T,198.0,6,5.0,13.0,5000,6.74,1499,229.0,799,2022,East Asia (China),0.0,0.0,0.0,,1783.0
833,Honor,Magic4,199.0,8,12.0,50.0,4800,6.81,4699,899.0,3299,2022,East Asia (China),0.0,0.0,0.0,,4002.0
834,Honor,Magic4 Pro,215.0,8,12.0,50.0,4600,6.81,5499,1099.0,3999,2022,East Asia (China),0.0,0.0,0.0,,4002.0
835,Honor,Magic4 Ultimate,242.0,12,12.0,50.0,4600,6.81,6799,1299.0,4599,2022,East Asia (China),0.0,0.0,0.0,,4002.0
836,Honor,Magic V,288.0,12,42.0,50.0,4750,7.9,9999,1799.0,6599,2022,East Asia (China),0.0,0.0,0.0,,4002.0
837,Honor,70,178.0,8,32.0,54.0,4800,6.67,2699,549.0,2099,2022,East Asia (China),0.0,0.0,0.0,,2841.0
838,Honor,70 Pro,192.0,8,50.0,54.0,4500,6.78,3699,699.0,2699,2022,East Asia (China),0.0,0.0,0.0,,3498.0
839,Honor,70 Pro+,209.0,12,50.0,54.0,4500,6.78,4299,799.0,3199,2022,East Asia (China),0.0,0.0,0.0,,4169.0
840,Honor,X40,172.0,6,8.0,50.0,5100,6.67,1499,299.0,1099,2022,East Asia (China),0.0,0.0,0.0,,2134.0
841,Honor,X40i,175.0,6,8.0,50.0,4000,6.7,1799,279.0,999,2022,East Asia (China),0.0,0.0,0.0,,1783.0
842,Honor,Play 7,196.0,4,5.0,13.0,5200,6.74,1099,159.0,599,2023,East Asia (China),0.0,0.0,0.0,,911.0
843,Honor,Play 7T,199.0,6,5.0,13.0,5200,6.74,1299,199.0,749,2023,East Asia (China),0.0,0.0,0.0,,1924.0
844,Honor,Magic5,204.0,8,12.0,50.0,5100,6.81,4999,999.0,3599,2023,East Asia (China),0.0,0.0,0.0,,5299.0
845,Honor,Magic5 Pro,219.0,12,12.0,50.0,5100,6.81,6199,1199.0,4399,2023,East Asia (China),0.0,0.0,0.0,,5299.0
846,Honor,Magic5 Ultimate,234.0,16,12.0,50.0,5450,6.81,7499,1399.0,5199,2023,East Asia (China),0.0,0.0,0.0,,5299.0
847,Honor,Magic Vs,267.0,12,16.0,50.0,5000,7.9,9999,1699.0,6199,2023,East Asia (China),0.0,0.0,0.0,,
848,Honor,80,180.0,8,32.0,160.0,4800,6.67,2699,549.0,2099,2022,East Asia (China),0.0,0.0,0.0,,2820.0
849,Honor,80 Pro,193.0,12,50.0,160.0,4800,6.78,4199,799.0,3099,2022,East Asia (China),0.0,0.0,0.0,,
850,Honor,80 SE,175.0,8,32.0,64.0,4600,6.67,1999,399.0,1599,2022,East Asia (China),0.0,0.0,0.0,,2239.0
851,Honor,X50,185.0,6,8.0,108.0,5800,6.78,1599,299.0,1099,2023,East Asia (China),0.0,0.0,0.0,,2748.0
852,Honor,X50i,179.0,6,8.0,100.0,4500,6.7,1399,249.0,899,2023,East Asia (China),0.0,0.0,0.0,,1924.0
853,Honor,Play 8,191.0,4,5.0,13.0,5000,6.52,999,149.0,549,2023,East Asia (China),0.0,0.0,0.0,,842.0
854,Honor,Play 8T,195.0,6,5.0,50.0,5200,6.74,1199,189.0,699,2023,East Asia (China),0.0,0.0,0.0,,
855,Honor,Magic6,203.0,8,12.0,50.0,5200,6.81,5499,1099.0,3999,2024,East Asia (China),0.0,0.0,0.0,,7304.0
856,Honor,Magic6 Pro,219.0,12,12.0,50.0,5500,6.81,6999,1299.0,4699,2024,East Asia (China),0.0,0.0,0.0,,7304.0
857,Honor,Magic6 Ultimate,234.0,16,12.0,50.0,5550,6.81,8199,1499.0,5499,2024,East Asia (China),0.0,0.0,0.0,,7304.0
858,Honor,Magic V2,231.0,12,16.0,50.0,5000,7.92,10999,1899.0,6999,2024,East Asia (China),0.0,0.0,0.0,,5299.0
859,Honor,90,183.0,12,50.0,200.0,5000,6.7,2999,599.0,2199,2023,East Asia (China),0.0,0.0,0.0,,2761.0
860,Honor,90 Pro,192.0,12,50.0,200.0,5000,6.78,3999,699.0,2799,2023,East Asia (China),0.0,0.0,0.0,,
861,Honor,90 SE,175.0,8,32.0,64.0,4600,6.67,1999,399.0,1599,2023,East Asia (China),0.0,0.0,0.0,,2239.0
862,Honor,X60,185.0,6,8.0,108.0,5800,6.78,1599,299.0,1099,2023,East Asia (China),0.0,0.0,0.0,,2748.0
863,Honor,X60i,179.0,6,8.0,100.0,4500,6.7,1399,249.0,899,2023,East Asia (China),0.0,0.0,0.0,,1924.0
864,Honor,Play 9,191.0,4,5.0,13.0,5000,6.52,999,149.0,549,2023,East Asia (China),0.0,0.0,0.0,,842.0
865,Honor,Play 9T,195.0,6,5.0,50.0,5200,6.74,1199,189.0,699,2023,East Asia (China),0.0,0.0,0.0,,
866,Honor,Magic7,203.0,8,12.0,50.0,5200,6.81,5499,1099.0,3999,2024,East Asia (China),0.0,0.0,0.0,,7304.0
867,Honor,Magic7 Pro,219.0,12,12.0,50.0,5500,6.81,6999,1299.0,4699,2024,East Asia (China),0.0,0.0,0.0,,7304.0
868,Honor,Magic7 Ultimate,234.0,16,12.0,50.0,5550,6.81,8199,1499.0,5499,2024,East Asia (China),0.0,0.0,0.0,,7304.0
869,Honor,Magic V3,231.0,12,16.0,50.0,5000,7.92,10999,1899.0,6999,2024,East Asia (China),0.0,0.0,0.0,,5299.0
895,POCO,F2 Pro 128GB,219.0,6,20.0,64.0,4700,6.67,2999,499.0,1999,2020,East Asia (China),0.0,0.0,0.0,128.0,3274.0
896,POCO,M2 Pro 64GB,209.0,4,16.0,48.0,5000,6.67,1399,199.0,799,2020,East Asia (China),0.0,0.0,0.0,64.0,1774.0
897,POCO,X3 NFC 128GB,215.0,6,20.0,64.0,5160,6.67,1599,229.0,899,2020,East Asia (China),0.0,0.0,0.0,128.0,1843.0
898,POCO,M3 64GB,198.0,4,8.0,48.0,6000,6.53,999,149.0,599,2020,East Asia (China),0.0,0.0,0.0,64.0,1208.0
899,POCO,F3 128GB,196.0,6,20.0,48.0,4520,6.67,2499,349.0,1399,2021,East Asia (China),0.0,0.0,0.0,128.0,3317.0
900,POCO,X3 Pro 128GB,215.0,6,20.0,48.0,5160,6.67,1799,249.0,999,2021,East Asia (China),0.0,0.0,0.0,128.0,2560.0
901,POCO,M3 Pro 5G 64GB,190.0,4,8.0,48.0,5000,6.5,1199,199.0,799,2021,East Asia (China),0.0,0.0,0.0,64.0,1783.0
902,POCO,F3 GT 128GB,205.0,6,16.0,64.0,5065,6.67,2299,399.0,1499,2021,East Asia (China),0.0,0.0,0.0,128.0,3172.0
903,POCO,X3 GT 128GB,193.0,6,16.0,64.0,5000,6.6,1899,279.0,1099,2021,East Asia (China),0.0,0.0,0.0,128.0,3321.0
904,POCO,M4 Pro 5G 128GB,195.0,4,16.0,50.0,5000,6.6,1499,219.0,849,2021,East Asia (China),0.0,0.0,0.0,128.0,1940.0
905,POCO,F4 128GB,195.0,6,20.0,64.0,4500,6.67,2399,349.0,1399,2022,East Asia (China),0.0,0.0,0.0,128.0,3317.0
906,POCO,F4 GT 128GB,210.0,8,20.0,64.0,4700,6.67,3299,499.0,1999,2022,East Asia (China),0.0,0.0,0.0,128.0,4002.0
907,POCO,X4 Pro 5G 128GB,205.0,6,16.0,108.0,5000,6.67,1999,299.0,1199,2022,East Asia (China),0.0,0.0,0.0,128.0,2134.0
908,POCO,M4 Pro 128GB,179.0,6,16.0,64.0,5000,6.43,1499,219.0,849,2022,East Asia (China),0.0,0.0,0.0,128.0,1855.0
909,POCO,M5 128GB,201.0,4,5.0,50.0,5000,6.58,1299,199.0,799,2022,East Asia (China),0.0,0.0,0.0,128.0,1979.0
910,POCO,M5s 128GB,178.8,4,13.0,64.0,5000,6.43,1399,229.0,899,2022,East Asia (China),0.0,0.0,0.0,128.0,1738.0
911,POCO,F5 128GB,181.0,6,16.0,64.0,5000,6.67,2299,349.0,1299,2023,East Asia (China),0.0,0.0,0.0,128.0,
912,POCO,F5 Pro 256GB,204.0,8,20.0,64.0,5160,6.67,3299,499.0,1899,2023,East Asia (China),0.0,0.0,0.0,256.0,
913,POCO,X5 128GB,189.0,6,13.0,48.0,5000,6.67,1799,279.0,1099,2023,East Asia (China),0.0,0.0,0.0,128.0,2134.0
914,POCO,X5 Pro 128GB,181.0,6,16.0,108.0,5000,6.67,2199,329.0,1199,2023,East Asia (China),0.0,0.0,0.0,128.0,2841.0
915,POCO,M6 64GB,199.0,4,8.0,50.0,5000,6.58,1299,199.0,799,2023,East Asia (China),0.0,0.0,0.0,64.0,1355.0
916,POCO,M6 Pro 128GB,202.0,6,8.0,50.0,5000,6.79,1499,219.0,849,2023,East Asia (China),0.0,0.0,0.0,128.0,1875.0
917,POCO,X6 128GB,193.0,6,16.0,64.0,5000,6.67,2299,349.0,1299,2024,East Asia (China),0.0,0.0,0.0,128.0,3624.0
918,POCO,X6 Pro 256GB,205.0,8,20.0,108.0,5000,6.67,2599,399.0,1499,2024,East Asia (China),0.0,0.0,0.0,256.0,4293.0
919,POCO,F6 128GB,190.0,6,20.0,64.0,5000,6.67,2999,449.0,1699,2024,East Asia (China),0.0,0.0,0.0,128.0,5299.0
920,POCO,F6 Pro 256GB,210.0,8,20.0,108.0,5160,6.67,3499,549.0,1999,2024,East Asia (China),0.0,0.0,0.0,256.0,
921,POCO,C65 64GB,190.0,4,5.0,50.0,5000,6.5,999,149.0,599,2024,East Asia (China),0.0,0.0,0.0,64.0,1332.0
922,POCO,X7 128GB,195.0,6,16.0,64.0,5000,6.67,2199,329.0,1199,2025,East Asia (China),0.0,0.0,0.0,128.0,3891.0
923,POCO,X7 Pro 256GB,207.0,8,20.0,108.0,6000,6.67,2699,399.0,1499,2025,East Asia (China),0.0,0.0,0.0,256.0,6033.0
924,POCO,M7 5G 128GB,198.0,6,8.0,50.0,5110,6.67,1599,229.0,899,2024,East Asia (China),0.0,0.0,0.0,128.0,2472.0
927,Samsung,Galaxy Z Fold6 256GB,239.0,12,14.0,50.0,4400,7.6,13999,1899.0,7199,2024,East Asia (Other),1.0,0.0,0.0,256.0,7304.0
928,Samsung,Galaxy Z Fold6 512GB,239.0,12,14.0,50.0,4400,7.6,15999,1719.0,7699,2024,East Asia (Other),1.0,0.0,0.0,512.0,7304.0
929,Samsung,Galaxy Z Fold6 1TB,239.0,12,14.0,50.0,4400,7.6,17999,2259.0,8699,2024,East Asia (Other),1.0,0.0,0.0,,7304.0
